Molecule ChEMBL ID,Smiles,pChEMBL Value,Comment
CHEMBL1643678,Fc1ccc(OC2CN(c3c4c(nc5ccnn35)CCNCC4)C2)cc1,8.52,
CHEMBL1643853,COc1cccc(OC2CN(c3c4c(nc5ccnn35)CCNCC4)C2)c1,7.4,
CHEMBL1643672,c1cc2nc3c(c(N4CCCCC4)n2n1)CCNCC3,6.23,
CHEMBL2022190,Cl.NC[C@H]1C[C@@H]1c1ccccc1OCC1CCC1,,Not Active
CHEMBL2022193,Cl.NC[C@@H]1C[C@H]1c1ccccc1OCC1CC1,,Not Active
CHEMBL2022189,Cl.NC[C@H]1C[C@@H]1c1ccccc1OCC1CC1,,Not Active
CHEMBL478,Clc1cccc(N2CCNCC2)c1,6.54,
CHEMBL220157,COc1cc(Cl)c2c(c1)[C@@H]1CNCCN1C2=O,,
CHEMBL223440,CCc1cc(Cl)c2c(c1)[C@@H]1CNCCN1C2=O,,
CHEMBL407909,CCc1cc2c(ccc3cnn(C[C@H](C)N)c32)o1,7.03,
CHEMBL5186895,[2H]C([2H])([2H])N1CCC[C@@H]1Cc1c[nH]c2cccc(O)c12,,
CHEMBL5204826,CN1CCC[C@@H]1Cc1c[nH]c2cccc(O)c12,,
CHEMBL5201470,Cl.Oc1ccc(O)c(C2NCCc3c2[nH]c2ccc(F)cc32)c1,7.14,
CHEMBL4802359,Clc1ccc2[nH]c3c(c2c1)CCNC3c1ccccc1,6.61,
CHEMBL4742882,Cl.Oc1ccc(C2NCCc3c2[nH]c2ccc(Cl)cc32)cc1,7.03,
CHEMBL5176057,Cl.Fc1ccc2[nH]c3c(c2c1)CCNC3c1ccccc1F,6.52,
CHEMBL4752798,Cl.Oc1ccccc1C1NCCc2c1[nH]c1ccc(Cl)cc21,7.29,
CHEMBL5188678,Cc1noc(C)c1C1NCCc2c1[nH]c1ccc(F)cc21.Cl,6.62,
CHEMBL5199780,Cc1cc(C2NCCc3c2[nH]c2ccc(Cl)cc32)sc1Br.Cl,6.11,
CHEMBL360492,CC1CNCCc2cc(F)c(Cl)cc21,7.14,
CHEMBL5080051,Oc1cccc2[nH]cc(CCN3CCC3)c12,7.93,
CHEMBL178313,CC1CNCCc2cc(O)c(Br)cc21,7.2,
CHEMBL362073,CC1CNCCc2c(Cl)cccc21,,
CHEMBL595194,Clc1ccccc1O[C@H]1CCCc2ccc(N3CCNCC3)nc21,7.16,
CHEMBL203013,C[C@@H]1CNC[C@H]2Cc3ccc(COCC4CC4)nc3N21,,Not Active
CHEMBL178124,CC1CNCCc2ccc(C(F)(F)F)cc21,7,
CHEMBL181172,CC1CNCCc2ccc(Cl)cc21,6.7,
CHEMBL362073,CC1CNCCc2c(Cl)cccc21,,
CHEMBL253806,COc1cc2c(cc1Cl)[C@@H](C)CNCC2,6.7,
CHEMBL2023357,NC[C@H]1C[C@@H]1c1cc(F)ccc1OCC1CC1,6.05,
CHEMBL2397914,O=C1c2ccc3c(c2C[C@@H]2CNCCN12)OCCC3,5.86,
CHEMBL2397912,COc1ccc(C)c2c1C[C@@H]1CNCCN1C2=O,6.83,
CHEMBL2397904,Cc1cccc2c1C[C@@H]1CNCCN1C2=O,6.69,
CHEMBL2397897,CCc1ccc2c(c1)C(=O)N1CCNC[C@H]1C2,7.43,
CHEMBL2397896,Cc1ccc2c(c1)C(=O)N1CCNC[C@H]1C2,7.28,
CHEMBL2397883,C[C@@]12CNCCN1C(=O)c1ccccc1C2,,Not Determined
CHEMBL2023355,COc1ccc(-c2ccccc2)cc1[C@H]1C[C@@H]1CN.Cl,,Not Active
CHEMBL2023356,COc1ccc(-c2ccccc2C)cc1[C@H]1C[C@@H]1CN.Cl,,Not Active
CHEMBL2022185,CCOc1ccccc1[C@H]1C[C@@H]1CN.Cl,5.52,
CHEMBL2022187,CC(C)COc1ccccc1[C@H]1C[C@@H]1CN.Cl,,Not Active
CHEMBL501854,Cl.NC[C@H]1C[C@@H]1c1ccc(Br)cc1,,
CHEMBL471802,Cl.NC[C@H]1C[C@@H]1c1ccc(F)cc1F,6.26,
CHEMBL65547,CN(C)CCc1c[nH]c2cccc(O)c12,7.12,
CHEMBL76301,C[C@H](N)CN1CCc2cc(F)c(I)cc21,6.37,
CHEMBL4097390,O=C(c1csc(-c2cccnc2)n1)N1CCOCC1,,
CHEMBL4078330,O=C(c1nc(-c2cccc3ccccc23)cs1)N1CCOCC1,,
CHEMBL4090637,Cc1nc(-c2cccc3ccccc23)sc1C(=O)N(C)Cc1cccnc1,,
CHEMBL367796,CC1CNCCc2ccccc21,5.8,
CHEMBL179244,CC1CNCCc2cc(OCc3ccccc3)c(Br)cc21,7.66,
CHEMBL39,NCCc1c[nH]c2ccc(O)cc12,6.52,
CHEMBL440752,CC1CNCCc2ccc(Br)cc21,6.29,
CHEMBL3769454,COc1ccc(Cl)c(Cl)c1C1CC1CN.Cl,7.42,
CHEMBL331241,Cc1ccc2[nH]cc(CCN)c2c1,8.22,
CHEMBL4877402,CCCN(CC)CCc1c[nH]c2ccc(F)cc12.Cl,8.26,
CHEMBL80246,C[C@H](N)CN1CCc2cc(F)c(C(F)(F)F)cc21,5.97,
CHEMBL39,NCCc1c[nH]c2ccc(O)cc12,8.63,
CHEMBL178252,CC1CNCCc2ccc(F)cc21,5.8,
CHEMBL254009,C[C@H]1CNCCc2ccc(C(F)(F)F)cc21,6.9,
CHEMBL360479,CC1CNCCc2cccc(Cl)c21,,
CHEMBL253807,C[C@@H]1CNCCc2ccc(Cl)c(F)c21,6,
CHEMBL253155,c1ccc2c(c1)CCNCC2,,
CHEMBL493128,Cl.NC[C@H]1C[C@@H]1c1cccc(Cl)c1,5.72,
CHEMBL467736,Cl.NC[C@H]1C[C@@H]1c1ccccc1Br,7.17,
CHEMBL471202,Cc1ccc([C@H]2C[C@@H]2CN)cc1.Cl,5.71,
CHEMBL474634,Cc1cccc(Cl)c1[C@H]1C[C@@H]1CN.Cl,6.14,
CHEMBL475643,Cc1ccc([C@H]2C[C@@H]2CN)cc1C.Cl,5.62,
CHEMBL492306,Cl.NC[C@H]1C[C@@H]1c1ccc(F)c(F)c1,6.24,
CHEMBL2022184,CCCCOc1ccc(C)cc1[C@H]1C[C@@H]1CN.Cl,,Not Active
CHEMBL2022192,Cl.NC[C@H]1C[C@@H]1c1ccccc1OCc1ccccc1,,Not Active
CHEMBL376676,C[C@H]1CNC[C@H]2c3cccc(C(F)(F)F)c3C(=O)N12,6.43,Agonist
CHEMBL375642,CN1CCN2C(=O)c3c(cccc3C(F)(F)F)[C@@H]2C1,6,Agonist
CHEMBL373483,CCCCc1cc2c(c(C(F)(F)F)c1)C(=O)N1CCNC[C@@H]21,,
CHEMBL3770963,COc1ccc(F)c(F)c1C1CC1CN.Cl,6.34,
CHEMBL3769828,Cl.NCC1CC1c1cc(F)c(F)cc1OCCF,6.44,
CHEMBL3770225,COc1ccc(F)c(Cl)c1C1CC1CN.Cl,6.92,
CHEMBL4091672,COc1ccccc1CNC[C@H]1C[C@@H]1c1cc(F)ccc1OCCF.Cl,7.62,
CHEMBL4067525,COc1cccc(CNC[C@H]2C[C@@H]2c2cc(F)ccc2OC)c1.Cl,5.43,
CHEMBL4104218,COc1ccc(F)cc1[C@H]1C[C@@H]1CNCc1ccccc1Cl.Cl,5.45,
CHEMBL4087858,COc1ccc(F)cc1C1CC1CNC1(c2ccccc2OC)CC1.Cl,6.18,
CHEMBL383042,COc1ccccc1CN[C@@H](C)Cn1ccc2ccc3ncccc3c21,,
CHEMBL451232,Cl.NC[C@H]1C[C@@H]1c1ccc(F)cc1Cl,7.04,
CHEMBL452458,Cl.NC[C@H]1C[C@@H]1c1ccc(Cl)cc1Cl,7.29,
CHEMBL4748110,CCc1cc2c([C@H]3C[C@@H]3CN)c(OC)ccc2o1.Cl,6.03,
CHEMBL4790652,CCOc1ccc2c(c1[C@H]1C[C@@H]1CN)CCO2.Cl,6.95,
CHEMBL3416055,Cl.NC[C@H]1C[C@@H]1c1cc(Cl)ccc1OCCF,5.83,
CHEMBL4752611,CCc1cc2c([C@@H]3C[C@H]3CN)c(OCCF)ccc2o1.Cl,,Not Active
CHEMBL4470610,Cl.NC[C@H]1C[C@]1(F)c1ccccc1Br,6.91,
CHEMBL4071321,Cc1nc(-c2cccc3ccccc23)sc1C(=O)N(C)Cc1ccn(C)n1,,
CHEMBL4087951,Cc1nc(-c2cccc3ccccc23)n(C)c1C(=O)N1CCC(CO)CC1,,
CHEMBL4093978,CCn1nc(-c2cccc3ccccc23)cc1-c1nccn1C,,
CHEMBL451368,COc1ccccc1[C@H]1C[C@@H]1CN.Cl,5.66,
CHEMBL464475,Cl.NC[C@H]1C[C@@H]1c1cccc(Cl)c1Cl,6.46,
CHEMBL510308,Cl.NC[C@H]1C[C@@H]1c1ccccc1F,,
CHEMBL3736433,CB1C=Cc2cccc(OCC(O)CN(C)C)c2N1,,
CHEMBL4064809,COc1ccc(F)cc1C1CC1CNCc1ccccc1C#N.Cl,6.14,
CHEMBL4087858,COc1ccc(F)cc1C1CC1CNC1(c2ccccc2OC)CC1.Cl,6.18,
CHEMBL3589578,COc1cc(CCNCc2cccc3c2OCO3)c(OC)cc1Br,7.98,
CHEMBL3589595,COc1cc(CCNCc2cccc(OC)c2F)c(OC)cc1Br,6.98,
CHEMBL4777303,COc1ccc2c(c1[C@@H]1C[C@H]1CN)CCO2.O=C(O)C(F)(F)F,6.53,
CHEMBL4752604,Cl.NC[C@@H]1C[C@H]1c1c(OCC2CC2)ccc2occc12,,Not Active
CHEMBL4757214,Cl.NC[C@H]1C[C@@H]1c1c(OCC2CC2)ccc2occc12,6.34,
CHEMBL4759181,CC(C)Oc1ccc2occc2c1[C@H]1C[C@@H]1CN.Cl,6.53,
CHEMBL222514,O=C1c2c(cccc2C(F)(F)F)[C@@H]2CNCCN12,6.75,Agonist
CHEMBL1091105,COc1cc(OC2CCC(C)(C)CC2)c(F)cc1CNC(=O)[C@@H]1CCCN1,6.36,
CHEMBL4065444,O=C(c1csc(-c2cccc(Cl)c2Cl)n1)N1CCOCC1,,
CHEMBL4096587,Cc1nn(-c2cccc3ccccc23)nc1C(=O)N1CCC(CO)CC1,,
CHEMBL3769633,C=CCOc1ccc(Cl)c(F)c1C1CC1CN.Cl,,Not Active
CHEMBL65547,CN(C)CCc1c[nH]c2cccc(O)c12,,
CHEMBL5173953,[2H]C1([2H])CC(c2c[nH]c3cccc(O)c23)C([2H])([2H])N1,,
CHEMBL3770225,COc1ccc(F)c(Cl)c1C1CC1CN.Cl,6.92,
CHEMBL5418999,Cl.Clc1cc2nc3c(nc2cc1Cl)[C@@H]1CCC(C3)N1,6.19,
CHEMBL4072722,COc1ccccc1CNC[C@H]1C[C@@H]1c1cc(F)ccc1OC.Cl,6.86,
CHEMBL4085380,COc1ccc(F)cc1[C@H]1C[C@@H]1CNCc1cccs1.Cl,6.36,
CHEMBL1643675,c1ccc(OC2CN(c3c4c(nc5ccnn35)CCNCC4)C2)cc1,5.11,
CHEMBL4753812,C=C(C)COc1ccc2occc2c1[C@H]1C[C@@H]1CN.Cl,6.59,
CHEMBL4751981,COc1ccc2occc2c1[C@H]1C[C@@H]1CN.Cl,7.43,
CHEMBL4782824,CCCOc1ccc2occc2c1[C@H]1C[C@@H]1CN.Cl,6.41,
CHEMBL3589594,COc1cc(CCNCc2c(OC)cccc2OC)c(OC)cc1Br,5.27,
CHEMBL170319,CNCCc1cn2c3c(cc(F)cc13)CCC2C,5.96,
CHEMBL4567689,O=C(c1ccc(N2CCN(Cc3ccccc3)CC2)cc1)C1CC1,7.42,
CHEMBL223292,Cc1ccc(Cl)c2c1[C@@H]1CNCCN1C2=O,,
CHEMBL4063091,COc1ccc(F)cc1C1CC1CNCC1CC1.Cl,5.37,
CHEMBL4102683,COc1ccc(F)cc1C1CC1CNCc1ccccc1O.Cl,7.11,
CHEMBL4075150,COc1ccccc1CCNCC1CC1c1cc(F)ccc1OC.Cl,6.51,
CHEMBL4094164,COc1ccc(F)cc1C1CC1CNCc1cccnc1OC,5.89,
CHEMBL4095562,COc1ccc(F)cc1[C@@H]1C[C@H]1CNCc1cccs1.Cl,6.17,
CHEMBL4093447,COc1cccc(CNC[C@@H]2C[C@H]2c2cc(F)ccc2OC)c1.Cl,5.17,
CHEMBL4102342,O=C(c1csc(-c2cccc(Cl)c2Cl)n1)N1CCCOCC1,,
CHEMBL4080787,Cc1nc(-c2cccc(Cl)c2Cl)sc1C(=O)N1CCOCC1,,
CHEMBL4067417,O=C(c1nc(-c2cccc(Cl)c2Cl)cs1)N1CCOCC1,,
CHEMBL4059943,Cc1nc(-c2cccc3ccccc23)sc1C(=O)N1CCNCC1,,
CHEMBL4062681,Cc1nc(-c2cccc3ccccc23)sc1C(=O)N(C)CCc1cccnc1,,
CHEMBL4082829,Cc1sc(-c2cccc3ccccc23)cc1C(=O)N1CCC(CO)CC1,,
CHEMBL4085497,Cc1[nH]c(-c2cccc3ccccc23)cc1C(=O)N1CCC(CO)CC1,,
CHEMBL4066653,Cn1cc(-c2cccc3ccccc23)nc1C(=O)N1CCC(CO)CC1,,
CHEMBL4070587,CCn1nc(-c2cccc3ccccc23)cc1-c1cncn1C,,
CHEMBL4104126,CCn1nc(-c2cccc3ccccc23)cc1-c1ccccn1,,
CHEMBL4073363,CCn1nc(-c2cccc3ccncc23)cc1-c1ccc(N)nn1,,
CHEMBL4088662,Cc1sc(-c2cccc(Cl)c2Cl)nc1C(=O)N1CCOCC1,,
CHEMBL4081550,CCn1nc(-c2cccc3ccccc23)cc1-c1ccnn1C,,
CHEMBL4100216,CCn1nc(-c2cccc3cccnc23)cc1-c1cccnn1,6.82,
CHEMBL221113,CCc1cc2c(c(C(F)(F)F)c1)C(=O)N1CCNC[C@@H]21,5.93,Agonist
CHEMBL2337504,CCc1cc(C)c2c(c1)[C@H]1CNC[C@@H]1NC2=O.Cl,6.07,
CHEMBL2337494,Cc1cccc2c1C(=O)N[C@H]1CNC[C@H]21.Cl,6.9,
CHEMBL2337105,Cc1cc(C(C)C)cc2c1C(=O)N[C@H]1CNC[C@H]21.Cl,,
CHEMBL3609167,OCCN1CCN(c2nc(Nc3cccc(O)c3)c3ccccc3n2)CC1,,Not Active
CHEMBL76307,C[C@H](N)CN1CCc2ccc(Cl)cc21,6.22,
CHEMBL5173321,COc1cc(CCNC2COc3ccccc32)c(OC)cc1C#N,6.97,
CHEMBL5170895,COc1cc(CCNCc2ccccc2OC)c(OC)cc1C#N,8.17,
CHEMBL5401685,C1=C(c2n[nH]c3ccc(-c4ccccc4)cc23)CNCC1,,
CHEMBL569342,O=c1ccc(N2CCNCC2)nn1CCOc1ccccc1C(F)(F)F,5.96,
CHEMBL180815,COc1cc2c(cc1Br)C(C)CNCC2,7.1,
CHEMBL4760851,C=CCOc1ccc2oc(CC)cc2c1[C@@H]1C[C@H]1CN.Cl,,Not Active
CHEMBL4750329,c1cc2c(c(CC3CCC3)n1)CC[C@@H]1CNCCN21,,
CHEMBL3982376,CC(N)C/C=C/c1ccccc1,5.25,
CHEMBL3963971,C[C@H](N)C/C=C\c1ccccc1,5.8,
CHEMBL3896023,C[C@@H](N)C/C=C\c1ccccc1,,
CHEMBL4063613,COCCNC(=O)c1sc(-c2cccc3ccccc23)nc1C,,
CHEMBL4101668,Cc1nc(-c2cccc3ccccc23)sc1C(=O)N(CCO)C(C)C,,
CHEMBL223468,CCc1ccc2c(c1OC)C(=O)N1CCNC[C@@H]21,6.91,Agonist
CHEMBL178566,C[C@H]1CNCCc2ccc(Cl)c(Cl)c21,5.62,
CHEMBL360968,CCOc1cc2c(cc1Br)C(C)CNCC2,6.96,
CHEMBL2397905,CCc1cccc2c1C[C@@H]1CNCCN1C2=O,,
CHEMBL2397878,COc1ccc2c(c1)C(=O)N1CCNC[C@H]1C2,7.33,
CHEMBL2397885,C[C@H]1CN2C(=O)c3ccccc3C[C@@H]2CN1,,
CHEMBL2397882,O=C1c2ccccc2C[C@H]2CNCCN12,,Not Determined
CHEMBL223272,C[C@@H]1CNC[C@H]2c3cccc(C(F)(F)F)c3C(=O)N12,7.04,Agonist
CHEMBL5439312,[2H]C([2H])(Cc1n[nH]c2ccc(OC)cc12)N(C)C,5.49,
CHEMBL5425772,CN(C)CCc1n[nH]c2ccc(O)cc12,5.66,
CHEMBL5404610,Cn1nc(C2=CCCNC2)c2ccccc21,6.49,
CHEMBL209106,Fc1cccc(N2CC[C@H]3CNC[C@H]32)c1,5.95,
CHEMBL209714,FC(F)(F)c1cccc(N2CC[C@H]3CNC[C@H]32)c1,6.78,
CHEMBL5405688,COc1ccc2[nH]nc(CCN(C)C)c2c1,5.64,
CHEMBL3769968,C=CCOc1cc(F)c(F)cc1C1CC1CN.Cl,6.08,
CHEMBL4516935,Cl.NC[C@H]1C[C@]1(F)c1cccc(Cl)c1,7.64,
CHEMBL3330640,CCNCCc1c[nH]c2ccccc12,7.42,
CHEMBL4083432,O=C(c1csc(-c2cccc(Cl)c2Cl)n1)N1CC2CC1CO2,,
CHEMBL4059884,O=C(c1csc(-c2ccc(Cl)cc2Cl)n1)N1CCOCC1,,
CHEMBL3945529,CC(N)CC#Cc1ccccc1,,
CHEMBL3770753,COc1cc(F)c(F)cc1C1CC1CN.Cl,7.09,
CHEMBL3770058,Cl.NCC1CC1c1c(OCCF)ccc(Cl)c1F,6.03,
CHEMBL3770011,Cl.NCC1CC1c1c(OCCF)ccc(Cl)c1Cl,6.02,
CHEMBL426235,CCC1CNCCc2cc(OC)c(Br)cc21,7,
CHEMBL3769704,C=CCOc1ccc(F)c(Cl)c1C1CC1CN.Cl,,Not Active
CHEMBL3416057,Cl.NC[C@H]1C[C@@H]1c1cc(Cl)ccc1OCC(F)F,5.74,
CHEMBL374562,Cc1cc2c(c(C(F)(F)F)c1)C(=O)N1CCNC[C@@H]21,6.78,Agonist
CHEMBL387344,O=C1c2c(O)cccc2C2CNCCN12,,
CHEMBL2022180,COc1ccc(-c2cccc(F)c2)cc1[C@H]1C[C@@H]1CN.Cl,,Not Active
CHEMBL2022182,CCCCc1ccc(-c2ccc(OC)c([C@H]3C[C@@H]3CN)c2)cc1.Cl,,Not Active
CHEMBL220521,COc1ccc(Cl)c2c1C(=O)N1CCNC[C@@H]21,,Not Determined
CHEMBL375575,O=C1c2c(C(F)(F)F)ccc(Cl)c2[C@@H]2CNCCN12,,
CHEMBL4790992,C=CCOc1ccc2occc2c1[C@H]1C[C@@H]1CN.Cl,6.67,
CHEMBL180166,COc1cc2c(cc1Br)CCNCC2,7,
CHEMBL223628,CC(C)Oc1cccc2c1C(=O)N1CCNCC21,6.35,Agonist
CHEMBL223271,C[C@@H]1CN2C(=O)c3c(cccc3C(F)(F)F)[C@@H]2CN1,,
CHEMBL223466,CCc1ccc(Cl)c2c1[C@@H]1CNCCN1C2=O,5.48,Agonist
CHEMBL220274,O=C1c2c(cccc2C(F)(F)F)C2CNCCN12,6.88,Agonist
CHEMBL219734,O=C1c2c(OC(F)(F)F)cccc2C2CNCCN12,7.06,Agonist
CHEMBL375302,CC[C@@H]1NCCN2C(=O)c3c(cccc3C(F)(F)F)[C@H]12,6.9,Agonist
CHEMBL374436,CCc1cc2c(cc1OC)C(=O)N1CCNC[C@@H]21,6.43,Agonist
CHEMBL223441,CC(=O)c1cc2c(c(C(F)(F)F)c1)C(=O)N1CCNC[C@@H]21,,Not Determined
CHEMBL374463,O=C1c2c(cc(Cl)cc2C(F)(F)F)[C@@H]2CNCCN12,,Not Determined
CHEMBL4096385,CCn1nc(-c2cccc3ccccc23)cc1-c1ncnn1C,,
CHEMBL4086216,CCn1nc(-c2cccc3ccccc23)cc1-c1ncccn1,,
CHEMBL1643674,CCNc1c2c(nc3ccnn13)CCNCC2,6.86,
CHEMBL1643671,c1cc2nc3c(c(N4CCCC4)n2n1)CCNCC3,5.64,
CHEMBL4757142,Cl.NC[C@@H]1C[C@H]1c1c(OCCF)ccc2c1CCO2,5.71,
CHEMBL1093698,C[C@H]1CC[C@@H](Oc2c(F)cc(CNC(=O)[C@@H]3CCCN3)cc2F)CC1,6.82,
CHEMBL178365,C[C@@H]1CNCCc2ccc(Cl)cc21,6.58,
CHEMBL570023,C[C@@H]1CNCCN1c1ccc(=O)n(CCOc2ccccc2Cl)n1,6.94,
CHEMBL2397911,CCc1cc(C)c2c(c1)C[C@@H]1CNCCN1C2=O,,
CHEMBL2393244,Cl.Fc1cccc(Nc2nc(Cc3ccccc3)nc3c2CCNCC3)c1,7.55,
CHEMBL179378,COc1cc2c(cc1I)C(C)CNCC2,7.21,
CHEMBL4466591,Cl.NC[C@H]1C[C@]1(F)c1cccc(F)c1,8.57,
CHEMBL4457840,Cl.NCC1C(c2ccccc2)C1(F)F,5.43,
CHEMBL4515411,COc1ccc(F)cc1C1(F)CC1CN.Cl,6.45,
CHEMBL2331793,CCOc1noc2c1CCNCC2,5.1,
CHEMBL2331798,CCOc1noc2c1CCNC2,,
CHEMBL1643677,Fc1cccc(OC2CN(c3c4c(nc5ccnn35)CCNCC4)C2)c1,7.5,
CHEMBL1643676,Fc1ccccc1OC1CN(c2c3c(nc4ccnn24)CCNCC3)C1,6.19,
CHEMBL1643859,O=C1Cc2cc(OC3CN(c4c5c(nc6ccnn46)CCNCC5)C3)ccc2N1,6.12,
CHEMBL1643857,c1cc(OC2CN(c3c4c(nc5ccnn35)CCNCC4)C2)ccn1,5.91,
CHEMBL1643854,COc1ccc(OC2CN(c3c4c(nc5ccnn35)CCNCC4)C2)cc1,5.58,
CHEMBL1643679,COc1ccccc1OC1CN(c2c3c(nc4ccnn24)CCNCC3)C1,5.57,
CHEMBL3769968,C=CCOc1cc(F)c(F)cc1C1CC1CN.Cl,6.31,
CHEMBL3770963,COc1ccc(F)c(F)c1C1CC1CN.Cl,6.34,
CHEMBL4877198,[2H]C([2H])([2H])N(C([2H])([2H])[2H])C([2H])([2H])C([2H])([2H])c1c[nH]c2cccc(O)c12,7.13,
CHEMBL4863306,[2H]C([2H])([2H])N(C([2H])([2H])[2H])C([2H])([2H])C([2H])([2H])c1c[nH]c2cccc(OCc3ccccc3)c12,7.14,
CHEMBL5193914,Cl.Oc1ccc2[nH]c3c(c2c1)CCNC3c1cccs1,6.46,
CHEMBL5207529,COc1cc(OC)c(C2NCCc3c2[nH]c2ccc(Cl)cc32)cc1OC.Cl,8.77,
CHEMBL494947,Clc1cccc(COc2cncc(N3CCNCC3)n2)c1,7.12,
CHEMBL231350,CC(C)Nc1cc2c(cc1NS(=O)(=O)c1ccc(-c3ccc(Cl)cc3)cc1)CCN(C)CC2,,
CHEMBL609306,Clc1ccccc1O[C@H]1CCc2ccc(N3CCNCC3)nc21,7.06,
CHEMBL593545,Clc1ccccc1O[C@@H]1CCCc2ccc(N3CCNCC3)nc21,6.24,
CHEMBL570937,O=c1ccc(N2CCNCC2)nn1CCOc1ccccc1Cl,6.59,
CHEMBL3770753,COc1cc(F)c(F)cc1C1CC1CN.Cl,7.09,
CHEMBL3770011,Cl.NCC1CC1c1c(OCCF)ccc(Cl)c1Cl,6.02,
CHEMBL3769581,C=CCOc1ccc(Cl)c(Cl)c1C1CC1CN.Cl,,Not Active
CHEMBL2331794,c1ccc(COc2noc3c2CCNCC3)cc1,6.61,
CHEMBL2331807,O=c1c2c(on1Cc1ccccc1)CCNCC2,6.26,
CHEMBL2331802,O=c1c2c(on1Cc1ccccc1)CCCNC2,,
CHEMBL309689,Oc1noc2c1CCNCC2,,
CHEMBL494947,Clc1cccc(COc2cncc(N3CCNCC3)n2)c1,6.85,
CHEMBL501526,Cl.NC[C@H]1C[C@@H]1c1ccc(Cl)cc1F,6.11,
CHEMBL3609170,Fc1ccccc1Nc1nc(N2CCNCC2)nc2ccccc12,,Not Active
CHEMBL2337495,Cl.O=C1N[C@H]2CNC[C@@H]2c2ccccc21,,
CHEMBL2022178,COc1ccc(-c2ccc(C)cc2)cc1[C@H]1C[C@@H]1CN.Cl,,Not Active
CHEMBL1643856,c1cncc(OC2CN(c3c4c(nc5ccnn35)CCNCC4)C2)c1,7.2,
CHEMBL3770599,Cl.NCC1CC1c1c(OCCF)ccc(F)c1F,5.63,
CHEMBL3770689,COc1cc(F)c(Cl)cc1C1CC1CN.Cl,6.63,
CHEMBL3769581,C=CCOc1ccc(Cl)c(Cl)c1C1CC1CN.Cl,6.37,
CHEMBL2393231,CNc1nc(N2CCN(C)CC2)nc2c1CCNCC2.Cl,5.92,
CHEMBL2397906,O=C1c2cccc(C(F)(F)F)c2C[C@@H]2CNCCN12,,Not Determined
CHEMBL2397903,N#Cc1ccc2c(c1)C[C@@H]1CNCCN1C2=O,,
CHEMBL2397899,CCCc1ccc2c(c1)C[C@@H]1CNCCN1C2=O,,
CHEMBL2397898,CCc1ccc2c(c1)C[C@@H]1CNCCN1C2=O,,
CHEMBL80482,C[C@H](N)CN1CCc2ccc3c(c21)CCCO3,6.9,
CHEMBL475641,Cc1ccc([C@H]2C[C@@H]2CN)c(Br)c1.Cl,6.33,
CHEMBL4786831,CC(C)Oc1ccc2occc2c1[C@@H]1C[C@H]1CN.Cl,6.03,
CHEMBL3769499,C=CCOc1ccc(F)c(F)c1C1CC1CN.Cl,,Not Active
CHEMBL3770011,Cl.NCC1CC1c1c(OCCF)ccc(Cl)c1Cl,,Not Active
CHEMBL3769968,C=CCOc1cc(F)c(F)cc1C1CC1CN.Cl,6.31,
CHEMBL3770599,Cl.NCC1CC1c1c(OCCF)ccc(F)c1F,,Not Active
CHEMBL478,Clc1cccc(N2CCNCC2)c1,6.78,
CHEMBL572252,C[C@@H](COc1ccccc1Cl)n1nc(N2CCNCC2)ccc1=O,7.19,
CHEMBL2331800,CCn1oc2c(c1=O)CNCC2,,
CHEMBL2331794,c1ccc(COc2noc3c2CCNCC3)cc1,6.62,
CHEMBL2331793,CCOc1noc2c1CCNCC2,5.1,
CHEMBL2331801,O=c1c2c(on1Cc1ccccc1)CCNC2,,
CHEMBL309689,Oc1noc2c1CCNCC2,,
CHEMBL450178,C#Cc1cccc([C@H]2C[C@@H]2CN)c1.Cl,,
CHEMBL1091106,CC1(C)CCC(Oc2cc(F)c(CNC(=O)[C@@H]3CCCN3)cc2F)CC1,6.89,
CHEMBL5209080,COc1ccccc1C1NCCc2c1[nH]c1ccc(Cl)cc21.Cl,6.68,
CHEMBL5179287,Cc1ccc(C2NCCc3c2[nH]c2ccc(Cl)cc32)c(C)c1.Cl,6.25,
CHEMBL5187568,Cl.Oc1ccc2[nH]c3c(c2c1)CCNC3c1ccccc1O,6.98,
CHEMBL5188736,Cl.Oc1ccc(C2NCCc3c2[nH]c2ccc(O)cc32)cc1,6.8,
CHEMBL5200288,Cc1ccc(C2NCCc3c2[nH]c2ccc(O)cc32)cc1.Cl,6.5,
CHEMBL5208018,Cl.Oc1ccc2[nH]c3c(c2c1)CCNC3c1cc(F)ccc1O,6.66,
CHEMBL4790446,Cl.Clc1ccc2[nH]c3c(c2c1)CCNC3c1ccccc1Cl,7.89,
CHEMBL5207633,Cc1ccc(C2NCCc3c2[nH]c2ccc(F)cc32)cc1.Cl,6.68,
CHEMBL5188655,Cl.Fc1ccc2[nH]c3c(c2c1)CCNC3c1cccnc1F,6.41,
CHEMBL5178562,COc1ccc2cc(C3NCCc4c3[nH]c3ccc(Cl)cc43)ccc2c1.Cl,5.88,
CHEMBL5205884,Cl.Fc1ccc2[nH]c3c(c2c1)CCNC3C(c1ccccc1)c1ccccc1,5.72,
CHEMBL2397910,Cc1cc(C)c2c(c1)C[C@@H]1CNCCN1C2=O,5.98,
CHEMBL2397902,COc1ccc2c(c1)C[C@@H]1CNCCN1C2=O,,
CHEMBL2397884,CN1CCN2C(=O)c3ccccc3C[C@@H]2C1,,
CHEMBL3330642,Cc1ccc2c(CCN)c[nH]c2c1,7.12,
CHEMBL1906905,CC(N)Cc1c[nH]c2ccc(Cl)cc12,8.2,
CHEMBL96816,CC(N)Cc1c[nH]c2ccc(F)cc12,8.07,
CHEMBL4753812,C=C(C)COc1ccc2occc2c1[C@H]1C[C@@H]1CN.Cl,6.58,
CHEMBL353998,Cc1c(CCN)c2cc(F)cc3c2n1C(C)CC3,,Not Determined
CHEMBL220207,CSc1cccc2c1C(=O)N1CCNCC21,6.96,Agonist
CHEMBL201897,C[C@H](N)Cn1ccc2ccc3ccncc3c21,6.33,
CHEMBL376456,COc1cccc2c1C(=O)N1CCNCC21,,
CHEMBL223896,O=C1c2c(Cl)cccc2C2CNCCN12,5.75,Agonist
CHEMBL220789,CC1(C)CN2C(=O)c3c(cccc3C(F)(F)F)[C@@H]2CN1,,
CHEMBL220115,C#Cc1cc2c(c(C(F)(F)F)c1)C(=O)N1CCNC[C@@H]21,,Not Determined
CHEMBL275628,NCCc1c[nH]c2ccc(F)cc12,8.58,
CHEMBL3771152,C=CCOc1cc(Cl)c(Cl)cc1C1CC1CN.Cl,6.78,
CHEMBL4787862,CCc1cc2c([C@@H]3C[C@H]3CN)c(OCC3CC3)ccc2o1.Cl,,Not Active
CHEMBL4762722,C=C(C)COc1ccc2occc2c1[C@@H]1C[C@H]1CN.Cl,,Not Active
CHEMBL4789175,CCc1cc2c([C@@H]3C[C@H]3CN)c(OC)ccc2o1.Cl,,Not Active
CHEMBL373402,C[C@H]1CN2C(=O)c3c(cccc3C(F)(F)F)[C@@H]2CN1,,
CHEMBL2113264,CC(C)[C@H]1CNC[C@H]2c3cccc(C(F)(F)F)c3C(=O)N12,7.25,Agonist
CHEMBL373905,CCCc1cc2c(c(C(F)(F)F)c1)C(=O)N1CCNC[C@@H]21,,
CHEMBL493130,Cl.NC[C@H]1C[C@@H]1c1ccc(F)cc1,6.29,
CHEMBL474633,Cc1cc([C@H]2C[C@@H]2CN)ccc1F.Cl,6.63,
CHEMBL4208452,Fc1cccc(Cc2ccnc3c2CC[C@@H]2CNCCN32)c1,7.43,
CHEMBL492926,Cl.NC[C@H]1C[C@@H]1c1cccc(F)c1,6.36,
CHEMBL4878689,[2H]C([2H])([2H])N(C([2H])([2H])[2H])C([2H])([2H])C([2H])([2H])c1c[nH]c2cccc(OC(=O)CCCCCCCC/C=C\C/C=C\CCCCC)c12,6.02,
CHEMBL3736156,CB1C=Cc2c(cccc2OCC(O)CN(C)C)N1,,
CHEMBL5432445,NC[C@@H]1C[C@@H]1c1cc(F)ccc1OCC1CC1,6.05,
CHEMBL2337503,Cc1cc(C)c2c(c1)[C@H]1CNC[C@@H]1NC2=O.Cl,6.52,
CHEMBL469668,CN1CCN(C[C@H](c2cccc(OC(F)(F)F)c2)C2(O)CCCCC2)CC1.Cl.Cl,,
CHEMBL3416063,C=CCOc1ccc(F)cc1[C@H]1C[C@@H]1CN.Cl,6.43,
CHEMBL3416066,Cl.NC[C@@H]1C[C@H]1c1cc(F)ccc1OCCF,5.52,
CHEMBL3912463,C[C@@H](N)CC#Cc1ccccc1,,
CHEMBL4090984,COc1ccc(F)cc1C1CC1CNC1CC1.Cl,5.96,
CHEMBL4103313,COc1ccc(F)cc1C1CC1CNCc1sccc1OC.Cl,6.83,
CHEMBL4073529,COc1ccc(F)cc1C1CC1CNCc1cccc2ccsc12.Cl,5.65,
CHEMBL4091672,COc1ccccc1CNC[C@H]1C[C@@H]1c1cc(F)ccc1OCCF.Cl,7.62,
CHEMBL209155,FC(F)(F)c1cccc([C@H]2CC[C@H]3CNC[C@H]32)c1,5.97,
CHEMBL367796,CC1CNCCc2ccccc21,5.8,
CHEMBL2337499,CCc1ccc(Cl)c2c1[C@H]1CNC[C@@H]1NC2=O.Cl,5.78,
CHEMBL594717,Cc1ccc(F)cc1CO[C@H]1CCc2ccc(N3CCNC[C@H]3C)nc21,6.2,
CHEMBL595195,Clc1ccccc1OC1CCc2ccc(N3CCNCC3)nc21,6.63,
CHEMBL590580,Cc1cccc2c1C(=O)NC1CCNCCN21,7.16,
CHEMBL2397901,O=C1c2ccc(Cl)cc2C[C@@H]2CNCCN12,,
CHEMBL263881,CCN(CC)C(=O)[C@@H]1C=C2c3cccc4[nH]cc(c34)C[C@H]2N(C)C1,8.29,
CHEMBL4764937,Cl.Clc1ccc2[nH]c3c(c2c1)CCNC3C1CCCCC1,6.53,
CHEMBL5195443,COc1ccc(OC)c(C2NCCc3c2[nH]c2ccc(Cl)cc32)c1.Cl,5.74,
CHEMBL5177718,Cc1ccc(O)c(C2NCCc3c2[nH]c2ccc(F)cc32)c1.Cl,5.91,
CHEMBL172159,NCCc1cn2c3c(cc(Cl)cc13)SCC2,6.46,
CHEMBL475642,Cc1cccc([C@H]2C[C@@H]2CN)c1C.Cl,6.44,
CHEMBL5413973,NC[C@@H]1C[C@@H]1c1cc(O)ccc1OCC1CC1,6.43,
CHEMBL500093,Cl.NCC1CC1c1ccccc1,5.85,
CHEMBL5400876,c1ccc(N2CCN(CCCc3nc4ccccc4s3)CC2)nc1,,
CHEMBL4563408,O=C(Nc1ccc(OC(F)F)nc1)NC1CCN(c2ncnc3c2nc(-c2ccccc2Cl)n3-c2ccc(Cl)cc2)CC1,,
CHEMBL4575163,COc1ccccc1CNC[C@H]1C[C@]1(F)c1ccccc1.Cl,6.5,
CHEMBL360328,C[C@H]1CNCCc2ccc(Cl)cc21,6.21,
CHEMBL5405688,COc1ccc2[nH]nc(CCN(C)C)c2c1,6.69,
CHEMBL5204071,COc1ccc(C2NCCc3c2[nH]c2ccc(F)cc32)c(O)c1,8.49,
CHEMBL5183493,Cl.Oc1ccc2[nH]c3c(c2c1)CCNC3c1ccccc1C(F)(F)F,6.92,
CHEMBL5198213,COc1ccc(C2NCCc3c2[nH]c2ccc(O)cc32)c(O)c1,9.31,
CHEMBL5187568,Cl.Oc1ccc2[nH]c3c(c2c1)CCNC3c1ccccc1O,6.97,
CHEMBL5183463,Cl.Oc1ccc2[nH]c3c(c2c1)CCNC3C1CCCCC1,6.55,
CHEMBL5183544,Cc1noc(C)c1C1NCCc2c1[nH]c1ccc(Cl)cc21.Cl,6.29,
CHEMBL5188678,Cc1noc(C)c1C1NCCc2c1[nH]c1ccc(F)cc21.Cl,6.62,
CHEMBL5208963,Cl.Fc1ccc2[nH]c3c(c2c1)CCNC3C1CCOCC1,6.45,
CHEMBL5192627,COc1ccc(C2NCCc3c2[nH]c2ccc(F)cc32)c(OC)c1.Cl,6.78,
CHEMBL220900,O=C1c2c(ccc(Cl)c2Cl)[C@@H]2CNCCN12,,
CHEMBL220833,CC1(c2cc3c(c(C(F)(F)F)c2)C(=O)N2CCNC[C@@H]32)CC1,,
CHEMBL594469,Fc1ccc(F)c(CO[C@H]2CCc3ccc(N4CCNCC4)nc32)c1,5.82,
CHEMBL478834,CCOC(=O)N(Cc1ccccc1-c1ccccc1)[C@H]1CCNC1,,
CHEMBL5416604,Clc1ccc2[nH]nc(C3=CCCNC3)c2c1,7.28,
CHEMBL2337488,CCc1cc2c(c(C(F)(F)F)c1)C(=O)N(C)[C@H]1CNC[C@H]21.Cl,5.68,
CHEMBL254215,C[C@@H]1CNCCc2ccc(C(F)(F)F)cc21,7,
CHEMBL5434434,COc1ccc2[nH]nc(C3=CCCNC3)c2c1,7.75,
CHEMBL5179053,Cl.Cn1ccnc1C1NCCc2c1[nH]c1ccc(O)cc21,7.1,
CHEMBL5205884,Cl.Fc1ccc2[nH]c3c(c2c1)CCNC3C(c1ccccc1)c1ccccc1,5.72,
CHEMBL4752798,Cl.Oc1ccccc1C1NCCc2c1[nH]c1ccc(Cl)cc21,7.29,
CHEMBL5174331,Cl.Clc1ccc2[nH]c3c(c2c1)CCNC3c1ccc(Cl)s1,6.75,
CHEMBL4757837,Cl.Clc1ccc2[nH]c3c(c2c1)CCNC3c1ccc2ccccc2c1,7.82,
CHEMBL5177505,Cl.Clc1ccc2[nH]c3c(c2c1)CCNC3c1ccccc1Br,6.39,
CHEMBL5179588,Cl.Oc1ccccc1C1NCCc2c1[nH]c1ccc(F)cc21,7.58,
CHEMBL4764937,Cl.Clc1ccc2[nH]c3c(c2c1)CCNC3C1CCCCC1,6.53,
CHEMBL182184,COc1cc2c(cc1Br)[C@H](C)CNCC2,7.52,
CHEMBL398926,CC1(C)CNCCc2ccc(Cl)cc21,5.8,
CHEMBL181672,CC1CNCCc2cc(Cl)ccc21,6.8,
CHEMBL4094164,COc1ccc(F)cc1C1CC1CNCc1cccnc1OC,5.89,
CHEMBL4103313,COc1ccc(F)cc1C1CC1CNCc1sccc1OC.Cl,6.83,
CHEMBL4079976,COc1ccccc1CN(C)CC1CC1c1cc(F)ccc1OC.Cl,5.6,
CHEMBL4094054,COc1ccc(F)cc1C1CC1CNCc1ccccc1C(N)=O.Cl,5.88,
CHEMBL4083787,COc1ccc(F)cc1[C@@H]1C[C@H]1CNCc1ccccc1Cl.Cl,5.52,
CHEMBL4091197,COc1ccc(F)cc1C1CC1CNCc1ccsc1OC.Cl,6.33,
CHEMBL269521,Clc1cncc(N2CCNCC2)n1,6.37,
CHEMBL178231,CC1CNCCc2ccc(Cl)c(Cl)c21,6.7,
CHEMBL6557,Cn1c2c(c3ccccc31)CCNCC2,6.68,
CHEMBL469729,Cl.NC[C@H]1C[C@@H]1c1ccc(Cl)cc1,5.35,
CHEMBL201930,C[C@H](N)Cn1ccc2ccc3ncccc3c21,7.5,
CHEMBL5208018,Cl.Oc1ccc2[nH]c3c(c2c1)CCNC3c1cc(F)ccc1O,6.67,
CHEMBL5180800,Fc1ccc2[nH]c3c(c2c1)CCNC3c1ccccc1,7.05,
CHEMBL3589598,COc1cc(CCNCc2cccc(O)c2)c(OC)cc1Br,7.31,
CHEMBL452719,Cl.NC[C@H]1C[C@@H]1c1ccccc1,5.86,
CHEMBL5278577,COc1cc(CC2CCCC(c3ccccc3O)N2)c(OC)cc1C#N,5.57,
CHEMBL5278577,COc1cc(CC2CCCC(c3ccccc3O)N2)c(OC)cc1C#N,5.45,
CHEMBL80731,CCSc1cc2c(cc1F)CCN2C[C@H](C)N,6.74,
CHEMBL5437921,CN1CCC=C(c2n[nH]c3c(Cl)ccc(F)c23)C1,7.62,
CHEMBL5405349,COc1cccc2[nH]cc(C3=CCCN(C)C3)c12,7.21,
CHEMBL5394639,COc1cccc2[nH]nc(C3=CCCNC3)c12,6.96,
CHEMBL5399727,Fc1ccc2[nH]nc(C3=CCCNC3)c2c1,7.16,
CHEMBL269521,Clc1cncc(N2CCNCC2)n1,5.92,
CHEMBL2393245,Cl.Clc1cccc(Nc2nc(Cc3ccccc3)nc3c2CCNCC3)c1,8.19,
CHEMBL590531,Cc1ccc2c(c1)N1CCNCCC1NC2=O,6.02,
CHEMBL590089,Cc1ccc2c(c1)C(=O)NC1CNCCN21,,
CHEMBL77880,C[C@H](N)CN1CCc2ccc3c(c21)CCO3,7.21,
CHEMBL4778104,c1cc(C2CC2)c2c(n1)N1CCNC[C@H]1CC2,6.4,
CHEMBL4066538,COc1ccccc1C(C)NCC1CC1c1cc(F)ccc1OC.Cl,6.62,
CHEMBL4102683,COc1ccc(F)cc1C1CC1CNCc1ccccc1O.Cl,7.11,
CHEMBL360328,C[C@H]1CNCCc2ccc(Cl)cc21,6.61,
CHEMBL4093447,COc1cccc(CNC[C@@H]2C[C@H]2c2cc(F)ccc2OC)c1.Cl,5.17,
CHEMBL4094054,COc1ccc(F)cc1C1CC1CNCc1ccccc1C(N)=O.Cl,5.88,
CHEMBL4091448,COCCN(C)C(=O)c1sc(-c2cccc3ccccc23)nc1C,,
CHEMBL4083671,Cc1nc(-c2cccc3ccccc23)sc1C(=O)N(C)CCO,,
CHEMBL4100812,Cc1cc(-c2cccc3ccccc23)sc1C(=O)N1CCC(CO)CC1,,
CHEMBL4078339,CCn1nc(-c2cccc3ccccc23)cc1-c1nnnn1C,,
CHEMBL4063893,C=CCOc1ccc(F)cc1[C@H]1C[C@@H]1CNCc1ccccc1OC.Cl,7.56,
CHEMBL4791279,c1cc2c(cn1)CC[C@@H]1CNCCN21,,
CHEMBL407909,CCc1cc2c(ccc3cnn(C[C@H](C)N)c32)o1,7.03,
CHEMBL272942,Cc1cc(Cl)ccc1OC(C)C(=O)O,6.82,
CHEMBL605402,O=C1NC2CNCCN2c2cccc(Cl)c21,,
CHEMBL368016,CC1CNCCc2ccc(Cl)c(F)c21,6.1,
CHEMBL76781,C[C@H](N)Cn1ccc2cc(F)c(Cl)cc21,6.88,
CHEMBL5440436,Fc1ccc(Cl)c2[nH]nc(C3=CCCNC3)c12,8.14,
CHEMBL5394639,COc1cccc2[nH]nc(C3=CCCNC3)c12,7.9,
CHEMBL4764271,CCCOc1ccc2occc2c1[C@@H]1C[C@H]1CN.Cl,,Not Active
CHEMBL4752976,Cl.NC[C@H]1C[C@@H]1c1c(OCCF)ccc2c1CCO2,5.63,
CHEMBL4756903,CCOc1ccc2occc2c1[C@H]1C[C@@H]1CN.Cl,6.96,
CHEMBL5429252,COc1ccc2c(c1)c(CCN(C)C)nn2C,,
CHEMBL179329,COc1cc2c(cc1Br)C(C(C)C)CNCC2,,Not Active
CHEMBL572228,Clc1ccccc1CCOc1cncc(N2CCNCC2)n1,6.51,
CHEMBL253809,CC[C@H]1CNCCc2ccc(Cl)cc21,6.6,
CHEMBL493129,COc1cccc([C@H]2C[C@@H]2CN)c1.Cl,6.21,
CHEMBL5205718,[2H]C1([2H])CC(c2c[nH]c3cccc(O)c23)C([2H])([2H])N1C,,
CHEMBL4790446,Cl.Clc1ccc2[nH]c3c(c2c1)CCNC3c1ccccc1Cl,7.89,
CHEMBL5177505,Cl.Clc1ccc2[nH]c3c(c2c1)CCNC3c1ccccc1Br,6.39,
CHEMBL5186877,Clc1ccc2[nH]c3c(c2c1)CCNC3c1cccs1,6.14,
CHEMBL5184146,[2H]C([2H])(c1c[nH]c2cccc(O)c12)[C@H]1CCCN1C([2H])([2H])[2H],,
CHEMBL5197725,[2H]C([2H])(c1c[nH]c2cccc(O)c12)[C@@H]1CCCN1,,
CHEMBL589769,Cn1ncc(Br)c1-c1cccc(NC(=O)Nc2ccc(OC(F)(F)F)cc2)c1,6.92,
CHEMBL4090579,O=C(c1csc(-c2cccc(F)c2Cl)n1)N1CCOCC1,,
CHEMBL4093102,Cc1cc(-c2cccc3ccccc23)oc1C(=O)N1CCC(CO)CC1,,
CHEMBL4100745,Cn1nc(-c2cccc3ccccc23)cc1-c1cccnn1,,
CHEMBL4067525,COc1cccc(CNC[C@H]2C[C@@H]2c2cc(F)ccc2OC)c1.Cl,5.43,
CHEMBL4098721,C=CCOc1ccc(F)cc1[C@H]1C[C@@H]1CNC.Cl,6.55,
CHEMBL4095562,COc1ccc(F)cc1[C@@H]1C[C@H]1CNCc1cccs1.Cl,6.17,
CHEMBL4066538,COc1ccccc1C(C)NCC1CC1c1cc(F)ccc1OC.Cl,6.62,
CHEMBL4104218,COc1ccc(F)cc1[C@H]1C[C@@H]1CNCc1ccccc1Cl.Cl,5.45,
CHEMBL4073406,COc1ccc(F)cc1[C@@H]1C[C@H]1CNCc1ccccc1F.Cl,5.73,
CHEMBL5184885,Cl.Fc1ccc2[nH]c3c(c2c1)CCNC3c1ccccc1Br,7.01,
CHEMBL4749189,Cc1ccc(C2NCCc3c2[nH]c2ccc(Cl)cc32)cc1.Cl,6.52,
CHEMBL5201835,Cl.Oc1cc(Br)ccc1C1NCCc2c1[nH]c1ccc(Cl)cc21,6.27,
CHEMBL5204071,COc1ccc(C2NCCc3c2[nH]c2ccc(F)cc32)c(O)c1,8.5,
CHEMBL269521,Clc1cncc(N2CCNCC2)n1,6.38,
CHEMBL595553,Clc1ccccc1O[C@@H]1CCc2ccc(N3CCNCC3)nc21,5.88,
CHEMBL593547,c1cc2c(nc1N1CCNCC1)CCCC2,5.66,
CHEMBL506727,Cl.NC[C@H]1C[C@@H]1c1cccc(Br)c1,5.78,
CHEMBL223584,O=C1c2c(cccc2C(F)(F)F)[C@H]2CNCCN12,,
CHEMBL219837,C[C@@H]1NCCN2C(=O)c3c(cccc3C(F)(F)F)[C@H]12,7.11,Agonist
CHEMBL5182943,COc1cc(OC)c(C2NCCc3c2[nH]c2ccc(F)cc32)cc1OC.Cl,7.4,
CHEMBL385577,COc1c(Cl)ccc2c1C(=O)N1CCNC[C@@H]21,6.06,Agonist
CHEMBL373531,COc1ccc(Cl)c2c1[C@@H]1CNCCN1C2=O,6.66,Agonist
CHEMBL590078,Cc1cccc2c1C(=O)NC1CNCCN21,,
CHEMBL360328,C[C@H]1CNCCc2ccc(Cl)cc21,6.61,
CHEMBL492305,Cl.NC[C@H]1C[C@@H]1c1cccc(F)c1F,,
CHEMBL3769987,COc1ccc(Cl)c(F)c1C1CC1CN.Cl,7.17,
CHEMBL3769987,COc1ccc(Cl)c(F)c1C1CC1CN.Cl,6.67,
CHEMBL3771152,C=CCOc1cc(Cl)c(Cl)cc1C1CC1CN.Cl,,Not Active
CHEMBL3770862,Cl.NCC1CC1c1c(OCCF)ccc(F)c1Cl,6.1,
CHEMBL376455,O=C1c2ccccc2C2CNCCN12,,
CHEMBL374659,O=C1c2c(cc(CO)cc2C(F)(F)F)[C@@H]2CNCCN12,,Not Determined
CHEMBL89738,c1cc2c3c(c1)c1c(n3CCNC2)CCCCCC1,4.19,
CHEMBL2337490,Cl.O=C1N[C@H]2CNC[C@@H]2c2cccc(C(F)(F)F)c21,7.2,
CHEMBL2331802,O=c1c2c(on1Cc1ccccc1)CCCNC2,,
CHEMBL2331797,CCn1oc2c(c1=O)CCNC2,,
CHEMBL2331796,CCOc1noc2c1CCN(C)CC2,,
CHEMBL2331797,CCn1oc2c(c1=O)CCNC2,,
CHEMBL2331791,CCn1oc2c(c1=O)CCN(C)CC2,,
CHEMBL2331808,CN1CCc2on(C)c(=O)c2CC1,,
CHEMBL2331807,O=c1c2c(on1Cc1ccccc1)CCNCC2,5.62,
CHEMBL3416067,Cl.NC[C@H]1C[C@@H]1c1cc(F)ccc1OCCF,6.45,
CHEMBL4062613,O=C(c1csc(-c2cccc(Cl)c2F)n1)N1CCOCC1,,
CHEMBL4105011,O=C(c1cnc(-c2cccc(Cl)c2Cl)s1)N1CCOCC1,,
CHEMBL4072337,Cn1cc(-c2cccc3ccccc23)cc1C(=O)N1CCC(CO)CC1,,
CHEMBL4103426,Cc1cn(-c2cccc3ccccc23)cc1C(=O)N1CCC(CO)CC1,,
CHEMBL4095663,Cc1nn(-c2cccc3ccccc23)cc1C(=O)N1CCC(CO)CC1,,
CHEMBL4206126,FC(F)(F)CCc1ccnc2c1CC[C@@H]1CNCCN21,6,
CHEMBL3416062,C=CCOc1ccc(F)cc1[C@@H]1C[C@H]1CN.Cl,6.16,
CHEMBL4064423,Cc1nc(-c2cccc3ccccc23)sc1C(=O)N1CCN(C)CC1,,
CHEMBL4098357,Cc1nc(-c2cccc3ccccc23)sc1C(=O)N1CCc2[nH]cnc2C1,,
CHEMBL4092473,CCn1nc(-c2nccc3ccccc23)cc1-c1cccnn1,,
CHEMBL3912721,c1cc(CC2CCC2)c2c(c1)N1CCNCC1CC2,5.7,
CHEMBL2094028,Cl.NC[C@H]1C[C@]1(F)c1ccccc1,8.01,
CHEMBL4466591,Cl.NC[C@H]1C[C@]1(F)c1cccc(F)c1,8.52,
CHEMBL4457840,Cl.NCC1C(c2ccccc2)C1(F)F,5.43,
CHEMBL4646317,c1cc2c3c(c1)CNCCN3CCC2,,
CHEMBL4639054,CC(C)Cc1ccc2c3c1CCN3CCNC2,,
CHEMBL4636494,c1cc(C2CC2)c2c3c1CNCCN3CC2,,
CHEMBL4638761,CC1CN2CC(C)(C)c3cccc(c32)CN1,,
CHEMBL4637882,CC1(C)CN2CCNCc3ccc(F)c1c32,,
CHEMBL492916,Cl.NCC1CC1c1ccccc1Br,7.03,
CHEMBL2397900,O=C1c2ccc(C(F)(F)F)cc2C[C@@H]2CNCCN12,,
CHEMBL2397895,N#Cc1cccc2c1C(=O)N1CCNC[C@H]1C2,,
CHEMBL2397889,Cc1cccc2c1C(=O)N1CCNC[C@H]1C2,7.19,
CHEMBL3416053,C=C(C)COc1ccc(Cl)cc1[C@H]1C[C@@H]1CN.Cl,6.04,
CHEMBL4646618,Cc1ccc2c3c1C(C)CN3CCNC2,6.16,
CHEMBL4636977,CC1(C)CN2CCNCc3ccc(Br)c1c32,,
CHEMBL210484,C[C@@H]1C[C@H]2CNC[C@H]2N1c1nccc(C(F)(F)F)n1,7.6,
CHEMBL223090,N#Cc1cccc2c1C(=O)N1CCNCC21,,
CHEMBL375170,O=C1c2c(cc(C3CC3)cc2C(F)(F)F)[C@@H]2CNCCN12,6.29,Agonist
CHEMBL4064770,CCn1nc(-c2cncc3ccccc23)cc1-c1cccnn1,,
CHEMBL4084723,CCn1nc(-c2ccnc3ccccc23)cc1-c1cccnn1,,
CHEMBL4102653,CCn1nc(-c2cccc3ncccc23)cc1-c1cccnn1,,
CHEMBL4083752,CCn1nc(-c2cccc3ccncc23)cc1-c1cccnn1,,
CHEMBL4081247,CCn1nc(-c2cccc3cccnc23)cc1-c1ccc(N)nn1,6.2,
CHEMBL4069354,O=C(c1nnn(-c2cccc3ccccc23)n1)N1CCC(CO)CC1,,
CHEMBL4070122,O=C(c1csc(-c2cccc3ccccc23)n1)N1CCOCC1,,
CHEMBL4082709,Cc1nc(-c2cccc3ccccc23)sc1C(N)=O,,
CHEMBL4099179,Cc1nc(-c2cccc3ccccc23)sc1C(=O)N(C)C,,
CHEMBL4072217,Cc1nc(-c2cccc3ccccc23)sc1C(=O)N1CCCCC1,,
CHEMBL4095818,Cc1nc(-c2cccc3ccccc23)sc1C(=O)N1CCC(O)CC1,,
CHEMBL4068476,Cc1nc(-c2cccc3ccccc23)sc1C(=O)N1CCCC(O)CC1,,
CHEMBL4081863,Cc1nc(-c2cccc3ccccc23)sc1C(=O)N1CCC(CO)CC1,,
CHEMBL4062011,CCn1nc(-c2cccc3cnccc23)cc1-c1cccnn1,,
CHEMBL4204710,c1cc(C2CCC2)c2c(n1)N1CCNC[C@H]1CC2,6.63,
CHEMBL4073529,COc1ccc(F)cc1C1CC1CNCc1cccc2ccsc12.Cl,5.65,
CHEMBL4082227,CNC[C@H]1C[C@@H]1c1cc(F)ccc1OC.Cl,6.57,
CHEMBL4757142,Cl.NC[C@@H]1C[C@H]1c1c(OCCF)ccc2c1CCO2,5.71,
CHEMBL4800666,CCOc1ccc2occc2c1[C@@H]1C[C@H]1CN.Cl,6.23,
CHEMBL4752976,Cl.NC[C@H]1C[C@@H]1c1c(OCCF)ccc2c1CCO2,5.63,
CHEMBL4790992,C=CCOc1ccc2occc2c1[C@H]1C[C@@H]1CN.Cl,6.67,
CHEMBL4761064,CCc1cc2c([C@H]3C[C@@H]3CN)c(OCCF)ccc2o1.Cl,5.66,
CHEMBL3609165,OCCN1CCN(c2nc(Nc3ccccc3F)c3ccccc3n2)CC1,,Not Active
CHEMBL3609169,COc1ccccc1Nc1nc(N2CCNCC2)nc2ccccc12,,Not Active
CHEMBL4082227,CNC[C@H]1C[C@@H]1c1cc(F)ccc1OC.Cl,6.57,
CHEMBL3769987,COc1ccc(Cl)c(F)c1C1CC1CN.Cl,7.17,
CHEMBL3770950,Cl.NCC1CC1c1cc(Cl)c(Cl)cc1OCCF,7.03,
CHEMBL4209572,c1cnc2c(c1)CC[C@@H]1CNCCN21,4,
CHEMBL4091197,COc1ccc(F)cc1C1CC1CNCc1ccsc1OC.Cl,6.33,
CHEMBL4064809,COc1ccc(F)cc1C1CC1CNCc1ccccc1C#N.Cl,6.14,
CHEMBL4460604,O=C(c1ccc(-n2cnc([N+](=O)[O-])c2)cc1)C1CC1,7.34,
CHEMBL4648460,C[C@@H]1c2cccc3c2N(CCNC3)[C@H]1C,,
CHEMBL443128,Cl.NC[C@H]1C[C@@H]1c1ccccc1Cl,6.78,
CHEMBL450599,Cc1ccccc1[C@H]1C[C@@H]1CN.Cl,5.79,
CHEMBL501117,Cl.NC[C@H]1C[C@@H]1c1ccccc1O,6.29,
CHEMBL445747,Cc1cccc([C@H]2C[C@@H]2CN)c1.Cl,6.23,
CHEMBL510383,Cl.NC[C@H]1C[C@@H]1c1cccc(O)c1,6.61,
CHEMBL4212834,Fc1ccc(Cc2ccnc3c2CC[C@@H]2CNCCN32)cc1,7,
CHEMBL4209052,c1cc(CC2CCC2)c2c(n1)N1CCNCC1CC2,5.6,
CHEMBL3416061,CCCOc1ccc(F)cc1[C@H]1C[C@@H]1CN.Cl,5.99,
CHEMBL3416065,C=C(F)COc1ccc(F)cc1[C@H]1C[C@@H]1CN.Cl,5.78,
CHEMBL598808,Cn1ncc(Br)c1-c1cccc(NC(=O)Nc2ccc(Cl)cc2)c1,7.72,
CHEMBL590077,O=C1NC2CNCCN2c2ccccc21,,Not Determined
CHEMBL590483,O=C1NC2CCNCCN2c2cccc(Cl)c21,6.89,
CHEMBL568237,C[C@@H]1CNCCN1c1cc(=O)n(C)c(COc2ccccc2C(F)(F)F)n1,,
CHEMBL4648457,Clc1ccc2c3c1OCCN3CCNC2,,
CHEMBL4634836,Clc1ccc2c3c1SCCN3CCNC2,,
CHEMBL4635293,[O-][S+]1CCN2CCNCc3ccc(Cl)c1c32,,
CHEMBL4646559,O=S1(=O)CCN2CCNCc3ccc(Cl)c1c32,,
CHEMBL4636196,c1cc2c3c(c1)C1(CCC1)CN3CCNC2,5.35,
CHEMBL4639090,CC1CN2CCNCc3ccc(Br)c1c32,6.12,
CHEMBL4635105,CC1(C)CN2CCNCc3ccc(Cl)c1c32,5.87,
CHEMBL209254,Clc1cccc(N2CC[C@H]3CNC[C@H]32)c1,6.38,
CHEMBL208936,FC(F)(F)c1ccnc(N2CCC3CNCC32)n1,6.66,
CHEMBL210802,FC(F)(F)c1ccnc(N2CC[C@H]3CNC[C@H]32)n1,6.94,
CHEMBL595645,C[C@@H]1CNCCN1c1ccc2c(n1)[C@@H](OCc1cc(F)ccc1F)CC2,5.84,
CHEMBL498863,Cl.NC[C@H]1C[C@@H]1c1c(F)cccc1F,,
CHEMBL490064,Cl.NC[C@H]1C[C@@H]1c1cccc(C(F)(F)F)c1,5.83,
CHEMBL2397890,CCc1cccc2c1C(=O)N1CCNC[C@H]1C2,7.66,
CHEMBL3338677,CCCCCCCCCCCCCCCC(=O)N[C@H](C(=O)N[C@H](C(=O)N[C@@H](CC(C)C)C(=O)N1CCC[C@H]1C(=O)N[C@@H](CC(C)C)C(=O)N[C@@H](Cc1c[nH]c2ccccc12)C(=O)N[C@@H](C)C(=O)N[C@H](C(=O)N[C@@H](Cc1ccc(O)cc1)C(=O)N[C@H](C(=O)N[C@@H](Cc1ccc(O)cc1)C(=O)N[C@@H](CCCNC(=N)N)C(N)=O)[C@@H](C)O)[C@@H](C)O)[C@@H](C)O)C(C)C,,
CHEMBL210215,C[C@H]1C[C@H]2CNC[C@H]2N1c1nccc(C(F)(F)F)n1,7.4,
CHEMBL181076,C[C@@H]1CNCCc2ccc(Cl)c(Cl)c21,6.87,
CHEMBL2397877,O=C1c2cc(Cl)ccc2C[C@@H]2CNCCN12,7.01,
CHEMBL2397887,C[C@@H]1CNC[C@H]2Cc3ccccc3C(=O)N21,6.91,
CHEMBL4213971,Brc1ccnc2c1CC[C@@H]1CNCCN21,5.54,
CHEMBL4061625,O=C(c1csc(-c2ccccc2Cl)n1)N1CCOCC1,,
CHEMBL4062529,Cc1sc(-c2cccc3ccccc23)nc1C(=O)N1CCOCC1,,
CHEMBL3330647,CCC(N)Cc1c[nH]c2ccc(Cl)cc12,6.6,
CHEMBL3330644,COc1cccc2c(CCN)c[nH]c12,6.3,
CHEMBL3946995,O=C(N[C@H]1CC[C@H](CCN2CCN(c3nsc4ccccc34)CC2)CC1)c1ccco1,,
CHEMBL180867,COc1cc2c(cc1Br)[C@@H](C)CNCC2,7.1,
CHEMBL415029,CC(C)Oc1cc2c(cc1Br)C(C)CNCC2,7.01,
CHEMBL4472830,Cl.NC[C@@H]1C[C@@]1(F)c1ccccc1,5.74,
CHEMBL4470610,Cl.NC[C@H]1C[C@]1(F)c1ccccc1Br,6.91,
CHEMBL4217787,CC(C)(C)Cc1ccnc2c1CC[C@@H]1CNCCN21,5.88,
CHEMBL4217846,c1cc2c(cn1)N1CCNC[C@H]1CC2,4,
CHEMBL589,CCCN(CCC)CCc1cccc2c1CC(=O)N2,6.85,
CHEMBL4070259,COc1cscc1CNCC1CC1c1cc(F)ccc1OC.Cl,6.84,
CHEMBL4101194,COc1ccccc1CNC[C@@H]1C[C@H]1c1cc(F)ccc1OC.Cl,7.14,
CHEMBL4086286,COc1ccc(F)cc1C1CC1CNCc1ccccc1OCCF.Cl,6.4,
CHEMBL4073406,COc1ccc(F)cc1[C@@H]1C[C@H]1CNCc1ccccc1F.Cl,5.73,
CHEMBL4101789,COc1ccc(F)cc1[C@H]1C[C@@H]1CNCc1ccccc1F.Cl,5.73,
CHEMBL3935339,c1cc(Cc2ccc3c(c2)OCO3)c2c(c1)N1CCNCC1CC2,6.7,
CHEMBL3919795,c1ccc(Cc2cccc3c2CCC2CNCCN32)cc1,6.9,
CHEMBL3956394,Fc1ccc2c(c1Cc1ccccc1)CCC1CNCCN21,7,
CHEMBL2397888,C[C@@H]1c2ccccc2C(=O)N2CCNC[C@@H]12,,
CHEMBL4634785,C1=CC2CNCCN3C[C@@H]4CCC[C@@H]4C(=C1)C23,5.91,
CHEMBL4645583,c1cc2c3c(c1)CNCCN3CC2,,
CHEMBL4642935,Fc1ccc2c3c1CCN3CCNC2,,
CHEMBL4636014,C[C@@H]1c2cccc3c2N(CCNC3)[C@@H]1C,,
CHEMBL5190617,COc1cc(CCNCc2cccc(O)c2)c(OC)cc1C#N,7.07,
CHEMBL5208046,COc1cc(CCNC2COc3ccccc32)c(OC)cc1Br,7.64,
CHEMBL5190617,COc1cc(CCNCc2cccc(O)c2)c(OC)cc1C#N,6.52,
CHEMBL4213379,c1ccc(Cc2ccnc3c2CC[C@@H]2CNCCN32)cc1,7.3,
CHEMBL2397881,O=C1c2ccccc2C[C@@H]2CNCCN12,6.15,
CHEMBL2331801,O=c1c2c(on1Cc1ccccc1)CCNC2,,
CHEMBL2337106,CCc1cc2c(c(C(F)(F)F)c1)C(=O)N[C@H]1CNC[C@H]21.Cl,6.22,
CHEMBL2337500,Cl.O=C1N[C@H]2CNC[C@@H]2c2ccc(Cl)c(Cl)c21,6.89,
CHEMBL2331798,CCOc1noc2c1CCNC2,,
CHEMBL2331800,CCn1oc2c(c1=O)CNCC2,,
CHEMBL2397908,CCOc1cccc2c1C[C@@H]1CNCCN1C2=O,,
CHEMBL2397915,O=C1c2cc(C(F)(F)F)ccc2C[C@@H]2CNCCN12,6.97,
CHEMBL2397891,O=C1c2c(cccc2C2CC2)C[C@@H]2CNCCN12,6.96,
CHEMBL2397886,C[C@H]1CNC[C@H]2Cc3ccccc3C(=O)N21,,
CHEMBL2331799,Cn1oc2c(c1=O)CNCC2,,
CHEMBL2331791,CCn1oc2c(c1=O)CCN(C)CC2,,
CHEMBL179337,CC1CNCCc2c(Cl)cc(Cl)cc21,6.77,
CHEMBL2337497,CCc1cc(Cl)c2c(c1)[C@H]1CNC[C@@H]1NC2=O.Cl,5.73,
CHEMBL4092132,O=C(c1csc(-c2cccc(Cl)c2Cl)n1)N1CCCCC1,,
CHEMBL4096374,Cc1nc(-c2cccc3ccccc23)sc1C(=O)N1CCOCC1,,
CHEMBL4084236,O=C(c1cnc(-c2cccc3ccccc23)s1)N1CCOCC1,,
CHEMBL4093250,Cc1nc(-c2cccc3ccccc23)oc1C(=O)N1CCC(CO)CC1,,
CHEMBL4065606,Cc1oc(-c2cccc3ccccc23)nc1C(=O)N1CCC(CO)CC1,,
CHEMBL4075267,Cn1nc(-c2cccc3ccccc23)cc1C(=O)N1CCC(CO)CC1,7.12,
CHEMBL4739937,COc1ccc2occc2c1[C@@H]1C[C@H]1CN.Cl,6.96,
CHEMBL4756903,CCOc1ccc2occc2c1[C@H]1C[C@@H]1CN.Cl,6.96,
CHEMBL4743977,C=CCOc1ccc2c(c1[C@H]1C[C@@H]1CN)CCO2.Cl,6.2,
CHEMBL4752412,CCCOc1ccc2c(c1[C@H]1C[C@@H]1CN)CCO2.Cl,6.13,
CHEMBL1643670,c1cc2nc3c(c(N4CCC4)n2n1)CCNCC3,5.63,
CHEMBL5432430,CC1(C)Cc2cc(Cl)cc([C@H]3C[C@H]3CN)c2O1,6.22,
CHEMBL3589597,COc1cccc(CNCCc2cc(OC)c(Br)cc2OC)c1,7.96,
CHEMBL4789310,CCOc1ccc2c(c1[C@@H]1C[C@H]1CN)CCO2.Cl,6.01,
CHEMBL4745522,CCCOc1ccc2c(c1[C@@H]1C[C@H]1CN)CCO2.Cl,,Not Active
CHEMBL4761526,COc1ccc2c(c1[C@H]1C[C@@H]1CN)CCO2.O=C(O)C(F)(F)F,6.93,
CHEMBL4759878,C=C(F)COc1ccc2occc2c1[C@H]1C[C@@H]1CN.Cl,6.45,
CHEMBL4750271,CCc1cc2c([C@H]3C[C@@H]3CN)c(OCC3CC3)ccc2o1.Cl,,Not Active
CHEMBL197646,CN(C)CCc1c[nH]c2cccc(F)c12,6.02,
CHEMBL5208864,COc1ccc(C2NCCc3c2[nH]c2ccc(Cl)cc32)cc1OC.Cl,7.09,
CHEMBL4759181,CC(C)Oc1ccc2occc2c1[C@H]1C[C@@H]1CN.Cl,6.53,
CHEMBL6557,Cn1c2c(c3ccccc31)CCNCC2,7.64,
CHEMBL1643855,c1ccc(OC2CN(c3c4c(nc5ccnn35)CCNCC4)C2)nc1,5.29,
CHEMBL1643673,CCN(C)c1c2c(nc3ccnn13)CCNCC2,,Not Determined
CHEMBL178231,CC1CNCCc2ccc(Cl)c(Cl)c21,6.66,
CHEMBL178366,CC1CNCCc2cc(Cl)c(Cl)cc21,7.8,
CHEMBL5171011,Oc1cccc2[nH]cc(C[C@H]3CCCN3)c12,,
CHEMBL2331794,c1ccc(COc2noc3c2CCNCC3)cc1,5.89,
CHEMBL4789310,CCOc1ccc2c(c1[C@@H]1C[C@H]1CN)CCO2.Cl,6.01,
CHEMBL4779260,Cl.NC[C@H]1C[C@@H]1c1c(OCCF)ccc2occc12,7.66,
CHEMBL4748110,CCc1cc2c([C@H]3C[C@@H]3CN)c(OC)ccc2o1.Cl,6.03,
CHEMBL360328,C[C@H]1CNCCc2ccc(Cl)cc21,6.61,
CHEMBL590333,O=C1NC2CNCCN2c2cccc(C(F)(F)F)c21,,Not Determined
CHEMBL591223,COc1ccc(NC(=O)Nc2ccc(Cl)cc2)cc1-c1c(Br)cnn1C,9.15,
CHEMBL2397907,COc1cccc2c1C[C@@H]1CNCCN1C2=O,5.99,
CHEMBL2397880,Cc1ccc2c(c1)C[C@@H]1CNCCN1C2=O,,
CHEMBL2397894,COc1cccc2c1C(=O)N1CCNC[C@H]1C2,6.71,
CHEMBL76474,CSc1cc2c(cc1F)CCN2C[C@H](C)N,7.12,
CHEMBL451543,CSc1ccc2c(c1)N(C[C@H](C)N)CC2,6.79,
CHEMBL348588,CNCCc1c[nH]c2ccccc12,7.29,
CHEMBL4781347,C=CCOc1ccc2c(c1[C@@H]1C[C@H]1CN)CCO2.Cl,,Not Active
CHEMBL4762225,Cl.NC[C@@H]1C[C@H]1c1c(OCCF)ccc2occc12,6.41,
CHEMBL4786831,CC(C)Oc1ccc2occc2c1[C@@H]1C[C@H]1CN.Cl,6.03,
CHEMBL4745976,CCCOc1ccc2oc(CC)cc2c1[C@@H]1C[C@H]1CN.Cl,,Not Active
CHEMBL590482,O=C1NC2CNCCN2c2ccc(Cl)cc21,,Not Determined
CHEMBL5174331,Cl.Clc1ccc2[nH]c3c(c2c1)CCNC3c1ccc(Cl)s1,6.75,
CHEMBL5179588,Cl.Oc1ccccc1C1NCCc2c1[nH]c1ccc(F)cc21,7.58,
CHEMBL5194866,Cl.Clc1ccc2[nH]c3c(c2c1)CCNC3CCc1ccccc1,7.19,
CHEMBL5205429,Cl.Oc1c(Cl)cccc1C1NCCc2c1[nH]c1ccc(F)cc21,6.56,
CHEMBL5172342,CCC1NCCc2c1[nH]c1ccc(O)cc21.Cl,6.71,
CHEMBL4642956,Brc1ccc2c3c1CCCCN3CCNC2,,
CHEMBL4639970,FC(F)(F)CC1CN2CCNCc3cccc1c32,5.4,
CHEMBL4638516,CC1NCCN2CC(C)(C)c3cccc1c32,,
CHEMBL4639115,COc1ccc2c3c1CCN3CCNC2,,
CHEMBL2022186,CCCOc1ccccc1[C@H]1C[C@@H]1CN.Cl,,Not Active
CHEMBL5094489,c1ccc2c(CCN3CCC3)c[nH]c2c1,7.04,
CHEMBL3416033,CCOc1ccc(Cl)cc1[C@H]1C[C@@H]1CN.Cl,5.92,
CHEMBL5197871,Cl.Oc1ccc2[nH]c3c(c2c1)CCNC3c1ccccc1Cl,5.85,
CHEMBL5206340,COc1ccc2cc(C3NCCc4c3[nH]c3ccc(F)cc43)ccc2c1.Cl,5.55,
CHEMBL5188655,Cl.Fc1ccc2[nH]c3c(c2c1)CCNC3c1cccnc1F,6.41,
CHEMBL5196522,Cl.Oc1cc(Cl)ccc1C1NCCc2c1[nH]c1ccc(F)cc21,6.64,
CHEMBL5178632,COc1cc(OC)c(C2NCCc3c2[nH]c2ccc(O)cc32)cc1OC.Cl,8.4,
CHEMBL5183544,Cc1noc(C)c1C1NCCc2c1[nH]c1ccc(Cl)cc21.Cl,6.29,
CHEMBL5185430,Cl.Oc1c(Cl)cccc1C1NCCc2c1[nH]c1ccc(Cl)cc21,6.47,
CHEMBL80366,C[C@H](N)CN1CCc2cc(F)c(Cl)cc21,6.43,
CHEMBL5270670,COc1cc(C[C@H]2CCC[C@H](c3ccccc3O)N2)c(OC)cc1C#N,6.03,
CHEMBL5285347,COc1cc(C[C@@H]2CCC[C@@H](c3ccccc3O)N2)c(OC)cc1C#N,7.04,
CHEMBL2331799,Cn1oc2c(c1=O)CNCC2,,
CHEMBL2337502,CCc1cc(Cl)c2c(c1)[C@H]1CNC[C@@H]1N(C)C2=O.Cl,,
CHEMBL2337491,Cl.O=C1N[C@@H]2CNC[C@H]2c2cccc(C(F)(F)F)c21,,
CHEMBL1093699,COc1cc(OCC2CCCCC2)c(F)cc1CNC(=O)[C@@H]1CCCN1,6.3,
CHEMBL4472830,Cl.NC[C@@H]1C[C@@]1(F)c1ccccc1,5.74,
CHEMBL4634942,CC1CN2CCNCc3ccc(Cl)c1c32,5.91,
CHEMBL4648029,CC1CNCc2cccc3c2N1CC3(C)C,,
CHEMBL2393236,CN1CCN(c2nc3c(c(N4CCSCC4)n2)CCNCC3)CC1.Cl,6.16,
CHEMBL3589598,COc1cc(CCNCc2cccc(O)c2)c(OC)cc1Br,7.96,
CHEMBL5170895,COc1cc(CCNCc2ccccc2OC)c(OC)cc1C#N,8.71,
CHEMBL5201317,COc1cc(CCNCc2ccccc2F)c(OC)cc1C#N,6.78,
CHEMBL4645774,CC1(C)CN2CCNCc3cccc1c32,,
CHEMBL4641630,c1cc2c3c(c1)C1(CCOCC1)CN3CCNC2,,
CHEMBL4637668,CCCc1ccc2c3c1CCN3CCNC2,,
CHEMBL4640047,CC1CN2CCNCc3cc(Cl)cc1c32,,
CHEMBL373695,CC(C)c1cc2c(c(C(F)(F)F)c1)C(=O)N1CCNC[C@@H]21,,
CHEMBL374660,CCOc1cc2c(c(C(F)(F)F)c1)C(=O)N1CCNC[C@@H]21,,
CHEMBL220211,COc1cc2c(c(C(F)(F)F)c1)C(=O)N1CCNC[C@@H]21,6.54,Agonist
CHEMBL3589597,COc1cccc(CNCCc2cc(OC)c(Br)cc2OC)c1,6.95,
CHEMBL5176147,COc1cc(CCNC2CCOc3ccccc32)c(OC)cc1Br,6.76,
CHEMBL4632473,CC1CN2CCNCc3cc(Cl)c(Cl)c1c32,5.95,
CHEMBL80862,CCSc1ccc2c(c1)N(C[C@H](C)N)CC2,6.42,
CHEMBL170319,CNCCc1cn2c3c(cc(F)cc13)CCC2C,,
CHEMBL4063091,COc1ccc(F)cc1C1CC1CNCC1CC1.Cl,5.37,
CHEMBL4085380,COc1ccc(F)cc1[C@H]1C[C@@H]1CNCc1cccs1.Cl,6.36,
CHEMBL4090984,COc1ccc(F)cc1C1CC1CNC1CC1.Cl,5.96,
CHEMBL4101194,COc1ccccc1CNC[C@@H]1C[C@H]1c1cc(F)ccc1OC.Cl,7.15,
CHEMBL4072722,COc1ccccc1CNC[C@H]1C[C@@H]1c1cc(F)ccc1OC.Cl,6.86,
CHEMBL4079976,COc1ccccc1CN(C)CC1CC1c1cc(F)ccc1OC.Cl,5.59,
CHEMBL4070259,COc1cscc1CNCC1CC1c1cc(F)ccc1OC.Cl,6.84,
CHEMBL3330643,NCCc1c[nH]c2c(Cl)cccc12,7.73,
CHEMBL381160,NCCc1c[nH]c2cc(F)ccc12,8.34,
CHEMBL3330641,Cn1cc(CCN)c2ccccc21,6.68,
CHEMBL382635,NCCc1c[nH]c2cccc(F)c12,7.55,
CHEMBL3589598,COc1cc(CCNCc2cccc(O)c2)c(OC)cc1Br,6.76,
CHEMBL5173321,COc1cc(CCNC2COc3ccccc32)c(OC)cc1C#N,5.99,
CHEMBL1288716,NCCc1c[nH]c2ccc(Cl)cc12,8.39,
CHEMBL478,Clc1cccc(N2CCNCC2)c1,7.2,
CHEMBL178566,C[C@H]1CNCCc2ccc(Cl)c(Cl)c21,5.6,
CHEMBL4064935,COc1ccc(F)cc1C1CC1CNCc1cccc2cccnc12.Cl,6.34,
CHEMBL4086286,COc1ccc(F)cc1C1CC1CNCc1ccccc1OCCF.Cl,6.4,
CHEMBL4075150,COc1ccccc1CCNCC1CC1c1cc(F)ccc1OC.Cl,6.51,
CHEMBL4064935,COc1ccc(F)cc1C1CC1CNCc1cccc2cccnc12.Cl,6.34,
CHEMBL2022179,COc1ccc(-c2ccccc2F)cc1[C@H]1C[C@@H]1CN.Cl,,Not Active
CHEMBL2022181,COc1ccc(-c2ccc(F)cc2)cc1[C@H]1C[C@@H]1CN.Cl,,Not Active
CHEMBL2022191,Cl.NC[C@H]1C[C@@H]1c1ccccc1OCC1CCCCC1,,Not Active
CHEMBL590721,O=C1NC2CNCCCN2c2cccc(Cl)c21,,Not Determined
CHEMBL471839,CC(N)Cc1ccc2ccccc2c1,,Not Determined
CHEMBL202538,C[C@@H](Cn1ccc2ccc3ncccc3c21)NCc1ccccc1Cl,6.2,
CHEMBL3416056,Cl.NC[C@@H]1C[C@H]1c1cc(Cl)ccc1OCC(F)F,5.88,
CHEMBL39,NCCc1c[nH]c2ccc(O)cc12,8.73,
CHEMBL4063893,C=CCOc1ccc(F)cc1[C@H]1C[C@@H]1CNCc1ccccc1OC.Cl,7.55,
CHEMBL1288717,NCCc1c[nH]c2ccc(Br)cc12,8.29,
CHEMBL2397909,CCCOc1cccc2c1C[C@@H]1CNCCN1C2=O,,
CHEMBL2397892,O=C1c2c(cccc2C(F)(F)F)C[C@@H]2CNCCN12,6.97,
CHEMBL4757718,FC(F)(F)CCc1cccc2c1CC[C@@H]1CNCCN21,6,
CHEMBL180668,Clc1ccc2c(c1)CCNCC2,7,
CHEMBL179337,CC1CNCCc2c(Cl)cc(Cl)cc21,6.9,
CHEMBL5190617,COc1cc(CCNCc2cccc(O)c2)c(OC)cc1C#N,6.03,
CHEMBL4217846,c1cc2c(cn1)N1CCNC[C@H]1CC2,,
CHEMBL76781,C[C@H](N)Cn1ccc2cc(F)c(Cl)cc21,7.3,
CHEMBL360492,CC1CNCCc2cc(F)c(Cl)cc21,7.2,
CHEMBL4776557,CCCc1cccc2c1CC[C@@H]1CNCCN21,6.8,
CHEMBL5184791,COc1cc(CCNCc2ccccc2O)c(OC)cc1C#N,8.72,
CHEMBL3769633,C=CCOc1ccc(Cl)c(F)c1C1CC1CN.Cl,5.97,
CHEMBL3771152,C=CCOc1cc(Cl)c(Cl)cc1C1CC1CN.Cl,6.78,
CHEMBL198124,CCCCn1cc(CCN(C)C)c2c(O)cccc21,7.5,
CHEMBL39,NCCc1c[nH]c2ccc(O)cc12,8.81,
CHEMBL3416039,CC(C)Oc1ccc(Cl)cc1[C@H]1C[C@@H]1CN.O=C(O)C(F)(F)F,5.4,
CHEMBL3416049,C#CCOc1ccc(Cl)cc1[C@H]1C[C@@H]1CN.Cl,6,
CHEMBL223469,O=C1c2c(F)cccc2C2CNCCN12,,
CHEMBL253810,CC[C@@H]1CNCCc2ccc(Cl)cc21,6.5,
CHEMBL253591,C[C@H]1CNCCc2cc(Cl)c(Cl)cc21,8,
CHEMBL400600,COc1cc2c(cc1Cl)[C@H](C)CNCC2,7.5,
CHEMBL222566,C=Cc1cc2c(c(C(F)(F)F)c1)C(=O)N1CCNC[C@@H]21,5.79,Agonist
CHEMBL222466,COc1cc2c(cc1Cl)[C@@H]1CNCCN1C2=O,,
CHEMBL2022189,Cl.NC[C@H]1C[C@@H]1c1ccccc1OCC1CC1,,Not Active
CHEMBL2022183,Cc1ccc(OCC(C)C)c([C@H]2C[C@@H]2CN)c1.Cl,,Not Active
CHEMBL2022188,CCCCCOc1ccccc1[C@H]1C[C@@H]1CN.Cl,,Not Active
CHEMBL5190617,COc1cc(CCNCc2cccc(O)c2)c(OC)cc1C#N,5.68,
CHEMBL3609158,OCCN1CCN(c2nc(Nc3ccc(F)cc3)c3ccccc3n2)CC1,,Not Active
CHEMBL2331794,c1ccc(COc2noc3c2CCNCC3)cc1,5.89,
CHEMBL202656,C[C@H](N)Cn1ccc2ccc3cnccc3c21,,
CHEMBL4740346,CCOc1ccc2oc(CC)cc2c1[C@H]1C[C@@H]1CN.Cl,5.58,
CHEMBL180668,Clc1ccc2c(c1)CCNCC2,7.05,
CHEMBL590816,O=C1NC2CCNCCN2c2ccccc21,6.61,
CHEMBL5429252,COc1ccc2c(c1)c(CCN(C)C)nn2C,,
CHEMBL440752,CC1CNCCc2ccc(Br)cc21,6.3,
CHEMBL181324,COc1ccc2c(c1)CCNCC2C,,
CHEMBL5196563,[2H]C1([2H])CC(c2c[nH]c3cccc(OCc4ccccc4)c23)C([2H])([2H])N1,,
CHEMBL5205848,Cl.Fc1ccc2[nH]c3c(c2c1)CCNC3Cc1ccccc1,5.88,
CHEMBL5200026,Oc1ccc(C2NCCc3c2[nH]c2ccc(Cl)cc32)c(O)c1,8.82,
CHEMBL5169776,Cl.Oc1ccc2[nH]c3c(c2c1)CCNC3c1ccccc1,5.6,
CHEMBL5181991,Cc1cccc(C2NCCc3c2[nH]c2ccc(O)cc32)c1.Cl,6.61,
CHEMBL5206340,COc1ccc2cc(C3NCCc4c3[nH]c3ccc(F)cc43)ccc2c1.Cl,5.55,
CHEMBL5197949,Cl.Fc1ccc2[nH]c3c(c2c1)CCNC3c1ccc2ccccc2c1,6.71,
CHEMBL5177386,CCC1NCCc2c1[nH]c1ccc(F)cc21.Cl,6.22,
CHEMBL5183950,COc1ccc(C2NCCc3c2[nH]c2ccc(F)cc32)cc1OC.Cl,6.59,
CHEMBL5189232,COc1cc(CCNCc2cccc3c2OCO3)c(OC)cc1C#N,7.35,
CHEMBL5177913,CCCC1NCCc2c1[nH]c1ccc(F)cc21.Cl,,
CHEMBL5206761,COc1ccccc1C1NCCc2c1[nH]c1ccc(O)cc21.Cl,6.57,
CHEMBL5176473,Cl.Oc1cccc(C2NCCc3c2[nH]c2ccc(O)cc32)c1,6.65,
CHEMBL5192557,Cl.Clc1ccc2[nH]c3c(c2c1)CCNC3c1cncnc1,6.05,
CHEMBL5207023,Cl.Oc1ccc(Br)cc1C1NCCc2c1[nH]c1ccc(Cl)cc21,6.09,
CHEMBL4795286,Cl.Oc1cccc(C2NCCc3c2[nH]c2ccc(Cl)cc32)c1,5.48,
CHEMBL5197949,Cl.Fc1ccc2[nH]c3c(c2c1)CCNC3c1ccc2ccccc2c1,6.71,
CHEMBL5205848,Cl.Fc1ccc2[nH]c3c(c2c1)CCNC3Cc1ccccc1,5.88,
CHEMBL5178632,COc1cc(OC)c(C2NCCc3c2[nH]c2ccc(O)cc32)cc1OC.Cl,8.42,
CHEMBL5207179,Cl.Oc1ccc2[nH]c3c(c2c1)CCNC3Cc1ccccc1,6.54,
CHEMBL4802359,Clc1ccc2[nH]c3c(c2c1)CCNC3c1ccccc1,6.61,
CHEMBL5191733,Cl.Fc1ccc2[nH]c3c(c2c1)CCNC3c1ccccc1Cl,6.56,
CHEMBL5170614,Cl.Oc1ccc(C2NCCc3c2[nH]c2ccc(F)cc32)cc1,7.24,
CHEMBL5184449,Cl.Fc1ccc2[nH]c3c(c2c1)CCNC3c1cc2ccccc2s1,5.81,
CHEMBL2393240,CN1CCN(c2nc3c(c(Nc4ccc(F)cc4)n2)CCNCC3)CC1.Cl,6.82,
CHEMBL2397913,COc1c(C)ccc2c1C[C@@H]1CNCCN1C2=O,6.04,
CHEMBL4537637,CNC[C@H]1C[C@]1(F)c1ccccc1.Cl,6.81,
CHEMBL4541617,COc1ccccc1CNCC1CC1(F)c1cc(F)ccc1OC.Cl,7.51,
CHEMBL5191889,Cc1ccc(O)c(C2NCCc3c2[nH]c2ccc(Cl)cc32)c1.Cl,,NA
CHEMBL2331796,CCOc1noc2c1CCN(C)CC2,,
CHEMBL6557,Cn1c2c(c3ccccc31)CCNCC2,6.68,
CHEMBL201117,C[C@@H](Cn1ccc2ccc3ncccc3c21)NCC1CCCCC1,,
CHEMBL39,NCCc1c[nH]c2ccc(O)cc12,8.63,
CHEMBL170854,Cc1c(CCN)c2cccc3c2n1CCC3,,Not Determined
CHEMBL171774,NCCc1cn2c3c(cccc13)CCC2,6.84,
CHEMBL355474,CC1CCc2cc(F)cc3c(CCN)cn1c23,6.57,
CHEMBL368016,CC1CNCCc2ccc(Cl)c(F)c21,6.08,
CHEMBL181076,C[C@@H]1CNCCc2ccc(Cl)c(Cl)c21,6.9,
CHEMBL2393246,COc1cccc(Nc2nc(Cc3ccccc3)nc3c2CCNCC3)c1.Cl,7.11,
CHEMBL2393243,Cl.c1ccc(Cc2nc3c(c(Nc4ccccc4)n2)CCNCC3)cc1,8.21,
CHEMBL2022177,COc1ccc(-c2cccc(C)c2)cc1[C@H]1C[C@@H]1CN.Cl,,Not Active
CHEMBL204839,Cc1cccc2c(CCN)c[nH]c12,7.35,
CHEMBL3330648,CCC(N)Cc1c[nH]c2ccc(F)cc12,6.61,
CHEMBL201062,C[C@H](N)Cn1ccc2ccc3cccnc3c21,6.35,
CHEMBL494947,Clc1cccc(COc2cncc(N3CCNCC3)n2)c1,7.12,
CHEMBL3913053,C[C@@H](N)C/C=C/c1ccccc1,,
CHEMBL3930376,CC(N)C/C=C\c1ccccc1,5.73,
CHEMBL8165,COc1ccc2[nH]cc(CCN)c2c1,9.3,
CHEMBL2337493,Cl.O=C1N[C@H]2CNC[C@@H]2c2cccc(Cl)c21,6.91,
CHEMBL2331807,O=c1c2c(on1Cc1ccccc1)CCNCC2,6.26,
CHEMBL360479,CC1CNCCc2cccc(Cl)c21,,
CHEMBL343529,COc1cccc2[nH]cc(CCN)c12,8.04,
CHEMBL379223,Cc1ccccc1CN[C@@H](C)Cn1ccc2ccc3ncccc3c21,,
CHEMBL76781,C[C@H](N)Cn1ccc2cc(F)c(Cl)cc21,6.4,
CHEMBL253805,C[C@@H]1CNCCc2cc(Cl)c(Cl)cc21,7,
CHEMBL399750,COc1cc2c(cc1Cl)CCNCC2C,7,
CHEMBL361742,COc1ccc2c(c1)C(C)CNCC2,6.6,
CHEMBL570274,C[C@@H]1CNCCN1c1ccc(=O)n(CCOc2ccccc2C(F)(F)F)n1,7.39,
CHEMBL4644315,c1cc2c3c(c1)CNCCN3CCCC2,,
CHEMBL4646612,Clc1cc2c3c(c1)CNCCN3CC2,,
CHEMBL4643574,CCc1ccc2c3c1CCN3CCNC2,,
CHEMBL4634787,CCC1(CC)CN2CCNCc3cccc1c32,,
CHEMBL4646572,FC(F)(F)CC1CN2CCNCc3ccc(Br)c1c32,6.6,
CHEMBL4644872,Cc1cc2c3c(c1Cl)C(C)CN3CCNC2,5.86,
CHEMBL3769987,COc1ccc(Cl)c(F)c1C1CC1CN.Cl,6.67,
CHEMBL30713,CC(N)Cc1c[nH]c2ccccc12,7.64,
CHEMBL4101789,COc1ccc(F)cc1[C@H]1C[C@@H]1CNCc1ccccc1F.Cl,5.73,
CHEMBL4098721,C=CCOc1ccc(F)cc1[C@H]1C[C@@H]1CNC.Cl,6.55,
CHEMBL2331807,O=c1c2c(on1Cc1ccccc1)CCNCC2,5.62,
CHEMBL2337492,CN1C(=O)c2c(cccc2C(F)(F)F)[C@H]2CNC[C@@H]21.Cl,7.05,
CHEMBL4800666,CCOc1ccc2occc2c1[C@@H]1C[C@H]1CN.Cl,6.23,
CHEMBL4761526,COc1ccc2c(c1[C@H]1C[C@@H]1CN)CCO2.O=C(O)C(F)(F)F,6.93,
CHEMBL4759878,C=C(F)COc1ccc2occc2c1[C@H]1C[C@@H]1CN.Cl,6.45,
CHEMBL4761064,CCc1cc2c([C@H]3C[C@@H]3CN)c(OCCF)ccc2o1.Cl,5.66,
CHEMBL4762474,C=CCOc1ccc2occc2c1[C@@H]1C[C@H]1CN.Cl,,Not Active
CHEMBL4762225,Cl.NC[C@@H]1C[C@H]1c1c(OCCF)ccc2occc12,6.41,
CHEMBL4799299,C=C(F)COc1ccc2occc2c1[C@@H]1C[C@H]1CN.Cl,,Not Active
CHEMBL4762960,CCOc1ccc2oc(CC)cc2c1[C@@H]1C[C@H]1CN.Cl,,Not Active
CHEMBL4743977,C=CCOc1ccc2c(c1[C@H]1C[C@@H]1CN)CCO2.Cl,6.21,
CHEMBL4751981,COc1ccc2occc2c1[C@H]1C[C@@H]1CN.Cl,7.43,
CHEMBL4782824,CCCOc1ccc2occc2c1[C@H]1C[C@@H]1CN.Cl,6.41,
CHEMBL4779260,Cl.NC[C@H]1C[C@@H]1c1c(OCCF)ccc2occc12,7.65,
CHEMBL4757214,Cl.NC[C@H]1C[C@@H]1c1c(OCC2CC2)ccc2occc12,6.34,
CHEMBL4781163,C=CCOc1ccc2oc(CC)cc2c1[C@H]1C[C@@H]1CN.Cl,,Not Active
CHEMBL4533952,O=C(c1ccc(-n2ccnc2)cc1)C1CC1,7.3,
CHEMBL2393234,CCN(CC)c1nc(N2CCN(C)CC2)nc2c1CCNCC2.Cl,5.54,
CHEMBL1643858,CC(=O)N(C)c1ccc(OC2CN(c3c4c(nc5ccnn35)CCNCC4)C2)cc1,5.69,
CHEMBL5438716,CCN(CC)CCc1n[nH]c2ccc(OC)cc12,,
CHEMBL3609171,Clc1ccc(Nc2nc(N3CCNCC3)nc3ccccc23)cc1,,Not Active
CHEMBL508680,Cc1ccc(Cl)c([C@H]2C[C@@H]2CN)c1F.Cl,6.48,
CHEMBL492301,O=S(=O)(c1ccc2c(c1)CCNCC2)N1CCC(Oc2ccccc2Cl)CC1,7.5,
CHEMBL4570151,Cc1cccc([C@@]2(F)C[C@@H]2CN)c1.Cl,6.79,
CHEMBL4648350,CNCCc1c[nH]c2cccc(O)c12,8.6,
CHEMBL65547,CN(C)CCc1c[nH]c2cccc(O)c12,8.37,
CHEMBL5285347,COc1cc(C[C@@H]2CCC[C@@H](c3ccccc3O)N2)c(OC)cc1C#N,7.04,
CHEMBL4635854,Brc1ccc2c3c1CCN3CCNC2,,
CHEMBL4642763,Clc1ccc2c3c1CCN3CCNC2,,
CHEMBL65547,CN(C)CCc1c[nH]c2cccc(O)c12,7.66,
CHEMBL3770963,COc1ccc(F)c(F)c1C1CC1CN.Cl,6.36,
CHEMBL39,NCCc1c[nH]c2ccc(O)cc12,8.24,
CHEMBL361742,COc1ccc2c(c1)C(C)CNCC2,6.03,
CHEMBL65547,CN(C)CCc1c[nH]c2cccc(O)c12,7.7,
CHEMBL65547,CN(C)CCc1c[nH]c2cccc(O)c12,8.37,
CHEMBL5425772,CN(C)CCc1n[nH]c2ccc(O)cc12,5.66,
CHEMBL5404610,Cn1nc(C2=CCCNC2)c2ccccc21,6.49,
CHEMBL360328,C[C@H]1CNCCc2ccc(Cl)cc21,5.72,
CHEMBL4209572,c1cnc2c(c1)CC[C@@H]1CNCCN21,,
CHEMBL5078999,COc1ccc2[nH]cc(CCN3CCC3)c2c1,8.15,
CHEMBL65547,CN(C)CCc1c[nH]c2cccc(O)c12,7.62,
CHEMBL360328,C[C@H]1CNCCc2ccc(Cl)cc21,6.59,
CHEMBL3770225,COc1ccc(F)c(Cl)c1C1CC1CN.Cl,6.11,
CHEMBL178252,CC1CNCCc2ccc(F)cc21,5.8,
CHEMBL4648350,CNCCc1c[nH]c2cccc(O)c12,8.08,
CHEMBL179915,COc1cc2c(cc1C(F)(F)F)C(C)CNCC2,7.38,
CHEMBL2337104,Cc1cc(C2CC2)cc2c1C(=O)N[C@H]1CNC[C@H]21.Cl,,
CHEMBL2337501,Cc1ccc2c(c1Cl)C(=O)N[C@H]1CNC[C@H]21.Cl,7.68,
CHEMBL360328,C[C@H]1CNCCc2ccc(Cl)cc21,6.61,
CHEMBL5434434,COc1ccc2[nH]nc(C3=CCCNC3)c2c1,6.27,
CHEMBL5422659,c1ccc2c(C3CCCNC3)n[nH]c2c1,,
CHEMBL2337490,Cl.O=C1N[C@H]2CNC[C@@H]2c2cccc(C(F)(F)F)c21,8,
CHEMBL2337498,CCCc1cc(Cl)c2c(c1)[C@H]1CNC[C@@H]1NC2=O.Cl,,
CHEMBL2337489,Cl.O=C1N[C@H]2CNC[C@H]2c2cccc(C(F)(F)F)c21,,Not Determined
CHEMBL39,NCCc1c[nH]c2ccc(O)cc12,7.73,
CHEMBL27,CC(C)NCC(O)COc1cccc2ccccc12,,
CHEMBL5438716,CCN(CC)CCc1n[nH]c2ccc(OC)cc12,,
CHEMBL5424175,Brc1ccc2[nH]nc(C3=CCCNC3)c2c1,6.72,
CHEMBL2393242,Cl.c1ccc(Cc2nc3c(c(N4CCSCC4)n2)CCNCC3)cc1,7.02,
CHEMBL65547,CN(C)CCc1c[nH]c2cccc(O)c12,8.19,
CHEMBL360328,C[C@H]1CNCCc2ccc(Cl)cc21,6.72,
CHEMBL263881,CCN(CC)C(=O)[C@@H]1C=C2c3cccc4[nH]cc(c34)C[C@H]2N(C)C1,8.27,
CHEMBL39,NCCc1c[nH]c2ccc(O)cc12,6.89,
CHEMBL7257,COc1ccc2[nH]cc(CCN(C)C)c2c1,8.75,
CHEMBL3770599,Cl.NCC1CC1c1c(OCCF)ccc(F)c1F,5.63,
CHEMBL3770689,COc1cc(F)c(Cl)cc1C1CC1CN.Cl,6.63,
CHEMBL5184627,[2H]C([2H])N1CCC(c2c[nH]c3cccc(O)c23)C1,,
CHEMBL157138,CCN(CC)C(=O)N[C@H]1C=C2c3cccc4[nH]cc(c34)C[C@H]2N(C)C1,10.65,
CHEMBL65547,CN(C)CCc1c[nH]c2cccc(O)c12,,
CHEMBL5177900,Oc1ccc2[nH]c3c(c2c1)CCNC3c1ccccc1F,7.64,
CHEMBL5170614,Cl.Oc1ccc(C2NCCc3c2[nH]c2ccc(F)cc32)cc1,7.24,
CHEMBL4802921,Cc1cccc(C2NCCc3c2[nH]c2ccc(Cl)cc32)c1,6.32,
CHEMBL4749189,Cc1ccc(C2NCCc3c2[nH]c2ccc(Cl)cc32)cc1.Cl,6.52,
CHEMBL5181253,Cl.Fc1ccc2[nH]c3c(c2c1)CCNC3c1cccs1,6.39,
CHEMBL5184449,Cl.Fc1ccc2[nH]c3c(c2c1)CCNC3c1cc2ccccc2s1,5.81,
CHEMBL5190152,[2H]C([2H])(c1c[nH]c2cccc(F)c12)[C@H]1CCCN1C([2H])([2H])[2H],,
CHEMBL5201835,Cl.Oc1cc(Br)ccc1C1NCCc2c1[nH]c1ccc(Cl)cc21,6.27,
CHEMBL5186011,Cc1ccc(C2NCCc3c2[nH]c2ccc(F)cc32)c(C)c1.Cl,6.44,
CHEMBL5193251,Cl.Oc1ccc2[nH]c3c(c2c1)CCNC3CCc1ccccc1,6.86,
CHEMBL5203138,Cc1cccc(C2NCCc3c2[nH]c2ccc(F)cc32)c1.Cl,6.8,
CHEMBL5208635,Cl.Clc1ccc2[nH]c3c(c2c1)CCNC3c1ccncc1Cl,6.07,
CHEMBL5192557,Cl.Clc1ccc2[nH]c3c(c2c1)CCNC3c1cncnc1,6.05,
CHEMBL5176879,Cl.Fc1ccc2[nH]c3c(c2c1)CCNC3CCc1ccccc1,6.09,
CHEMBL5183371,CCC1NCCc2c1[nH]c1ccc(Cl)cc21.Cl,6.4,
CHEMBL3769421,Cl.NCC1CC1c1cc(Cl)c(F)cc1OCCF,,Not Active
CHEMBL3770862,Cl.NCC1CC1c1c(OCCF)ccc(F)c1Cl,,Not Active
CHEMBL3770862,Cl.NCC1CC1c1c(OCCF)ccc(F)c1Cl,6.1,
CHEMBL4777303,COc1ccc2c(c1[C@@H]1C[C@H]1CN)CCO2.O=C(O)C(F)(F)F,6.53,
CHEMBL4777891,Cl.NC[C@@H]1C[C@H]1c1c(OCC2CC2)ccc2c1CCO2,,Not Active
CHEMBL4740346,CCOc1ccc2oc(CC)cc2c1[C@H]1C[C@@H]1CN.Cl,5.58,
CHEMBL7257,COc1ccc2[nH]cc(CCN(C)C)c2c1,8.65,
CHEMBL5171360,[2H]C([2H])(c1c[nH]c2cccc(OC)c12)[C@H]1CCCN1C([2H])([2H])[2H],,
CHEMBL5174204,[2H]C([2H])(c1c[nH]c2cccc(F)c12)[C@H]1CCCN1,6,
CHEMBL603527,O=C1NC2CNCCN2c2c(Cl)cccc21,,Not Determined
CHEMBL590331,Cc1ccc2c(c1)N1CCNCC1NC2=O,,
CHEMBL3330645,CC[C@H](N)Cc1c[nH]c2ccccc12,,Not Active
CHEMBL65547,CN(C)CCc1c[nH]c2cccc(O)c12,8.19,
CHEMBL5078078,CC(C)(O)c1ccc(N2Cc3c(ccnc3-c3ccc(F)cc3OCC(F)(F)F)C2=O)cc1,,
CHEMBL478,Clc1cccc(N2CCNCC2)c1,6.54,Agonist
CHEMBL5199912,[2H]C([2H])([2H])N1CCC[C@@H]1Cc1c[nH]c2cccc(F)c12,,
CHEMBL3589597,COc1cccc(CNCCc2cc(OC)c(Br)cc2OC)c1,7.09,
CHEMBL5428466,Clc1ccc2[nH]cc(C3=CCCNC3)c2c1,8.14,
CHEMBL5399727,Fc1ccc2[nH]nc(C3=CCCNC3)c2c1,8.55,
CHEMBL5401711,CN1CCC=C(c2n[nH]c3cc(F)ccc23)C1,7.68,
CHEMBL5440705,COc1cccc2[nH]cc(C3=CCCNC3)c12,7.15,
CHEMBL194378,CN(C)CCc1c[nH]c2cccc(OP(=O)(O)O)c12,5.46,
CHEMBL5415797,CC(C)c1ccc2[nH]cc(C3=CCCNC3)c2c1,7.18,
CHEMBL4570151,Cc1cccc([C@@]2(F)C[C@@H]2CN)c1.Cl,6.79,
CHEMBL4516935,Cl.NC[C@H]1C[C@]1(F)c1cccc(Cl)c1,7.64,
CHEMBL3770950,Cl.NCC1CC1c1cc(Cl)c(Cl)cc1OCCF,7.04,
CHEMBL590332,Cc1cccc2c1N1CCNCC1NC2=O,,
CHEMBL3609159,OCCN1CCN(c2nc(Nc3ccc(Cl)cc3)c3ccccc3n2)CC1,,Not Active
CHEMBL3609160,OCCN1CCN(c2nc(Nc3ccc(Br)cc3)c3ccccc3n2)CC1,,Not Active
CHEMBL3769543,COc1cc(Cl)c(Cl)cc1C1CC1CN.Cl,7.68,
CHEMBL39,NCCc1c[nH]c2ccc(O)cc12,8.52,
CHEMBL2331808,CN1CCc2on(C)c(=O)c2CC1,,
CHEMBL3770174,C=CCOc1cc(F)c(Cl)cc1C1CC1CN.Cl,,Not Active
CHEMBL478,Clc1cccc(N2CCNCC2)c1,8.14,
CHEMBL2331795,COc1noc2c1CCN(C)CC2,,
CHEMBL2331795,COc1noc2c1CCN(C)CC2,,
CHEMBL269521,Clc1cncc(N2CCNCC2)n1,5.92,
CHEMBL6557,Cn1c2c(c3ccccc31)CCNCC2,7.63,
CHEMBL178366,CC1CNCCc2cc(Cl)c(Cl)cc21,7.7,
CHEMBL3330646,CC[C@@H](N)Cc1c[nH]c2ccccc12,5.9,
CHEMBL5203138,Cc1cccc(C2NCCc3c2[nH]c2ccc(F)cc32)c1.Cl,6.8,
CHEMBL5209080,COc1ccccc1C1NCCc2c1[nH]c1ccc(Cl)cc21.Cl,6.68,
CHEMBL5183437,COc1ccccc1C1NCCc2c1[nH]c1ccc(F)cc21.Cl,6.9,
CHEMBL5176879,Cl.Fc1ccc2[nH]c3c(c2c1)CCNC3CCc1ccccc1,6.09,
CHEMBL5183371,CCC1NCCc2c1[nH]c1ccc(Cl)cc21.Cl,6.4,
CHEMBL5183463,Cl.Oc1ccc2[nH]c3c(c2c1)CCNC3C1CCCCC1,6.55,
CHEMBL5200026,Oc1ccc(C2NCCc3c2[nH]c2ccc(Cl)cc32)c(O)c1,8.82,
CHEMBL4083787,COc1ccc(F)cc1[C@@H]1C[C@H]1CNCc1ccccc1Cl.Cl,5.53,
CHEMBL4084377,O=C(c1csc(-c2cccc(Cl)c2Cl)n1)N1CCC(O)CC1,,
CHEMBL4089670,Cc1cccc(-c2nc(C(=O)N3CCOCC3)cs2)c1C,,
CHEMBL4066433,Cn1ccnc1-c1cc(-c2cccc3ccccc23)nn1C,7.03,
CHEMBL4082753,CCn1nc(-c2cccc3ccccc23)cc1-c1cccnn1,6.05,
CHEMBL181787,COc1cc2c(cc1Cl)C(C)CNCC2,7.2,
CHEMBL3770058,Cl.NCC1CC1c1c(OCCF)ccc(Cl)c1F,6.03,
CHEMBL3589582,COc1cc(CCNCc2cccc3c2OCC3)c(OC)cc1Br,8.34,
CHEMBL5433583,CN1CCC=C(c2c[nH]c3c(Cl)c(F)ccc23)C1,7.92,
CHEMBL5440705,COc1cccc2[nH]cc(C3=CCCNC3)c12,8.41,
CHEMBL3769543,COc1cc(Cl)c(Cl)cc1C1CC1CN.Cl,7.07,
CHEMBL4213447,c1cc(CC2CCC2)c2c(n1)N1CCNC[C@H]1CC2,,Not Determined
CHEMBL4750216,Clc1ccnc2c1CC[C@@H]1CNCCN21,5.9,
CHEMBL531,CCCN1C[C@H](CSC)C[C@@H]2c3cccc4[nH]cc(c34)C[C@H]21,8.05,
CHEMBL39,NCCc1c[nH]c2ccc(O)cc12,6.83,
CHEMBL5418595,Cc1ccnc2[nH]cc(C3=CCCN(C)C3)c12,6.12,
CHEMBL1619758,CCC(N)Cc1c[nH]c2ccccc12,,
CHEMBL39,NCCc1c[nH]c2ccc(O)cc12,8.12,
CHEMBL3947276,CCCc1cccc2c1CCC1CNCCN21,6.3,
CHEMBL5207529,COc1cc(OC)c(C2NCCc3c2[nH]c2ccc(Cl)cc32)cc1OC.Cl,8.77,
CHEMBL263881,CCN(CC)C(=O)[C@@H]1C=C2c3cccc4[nH]cc(c34)C[C@H]2N(C)C1,7.89,
CHEMBL4541617,COc1ccccc1CNCC1CC1(F)c1cc(F)ccc1OC.Cl,7.51,
CHEMBL5208963,Cl.Fc1ccc2[nH]c3c(c2c1)CCNC3C1CCOCC1,6.45,
CHEMBL4783435,Cl.Clc1ccc2[nH]c3c(c2c1)CCNC3Cc1ccccc1,5.58,
CHEMBL5194223,Cl.Oc1c(Br)cccc1C1NCCc2c1[nH]c1ccc(Cl)cc21,7.13,
CHEMBL5206761,COc1ccccc1C1NCCc2c1[nH]c1ccc(O)cc21.Cl,6.57,
CHEMBL4742882,Cl.Oc1ccc(C2NCCc3c2[nH]c2ccc(Cl)cc32)cc1,7.03,
CHEMBL4757837,Cl.Clc1ccc2[nH]c3c(c2c1)CCNC3c1ccc2ccccc2c1,7.82,
CHEMBL4575163,COc1ccccc1CNC[C@H]1C[C@]1(F)c1ccccc1.Cl,6.5,
CHEMBL2337496,Cc1cc(Cl)c2c(c1)[C@H]1CNC[C@@H]1NC2=O.Cl,6.22,
CHEMBL4648350,CNCCc1c[nH]c2cccc(O)c12,8.62,
CHEMBL5405688,COc1ccc2[nH]nc(CCN(C)C)c2c1,5.64,
CHEMBL5394562,Cn1nc2ccccc2c1C1=CCCNC1,,
CHEMBL5429912,CN(C)CCc1n[nH]c2ccc(Cl)cc12,,
CHEMBL5406172,C1=C(c2n[nH]c3ccccc23)CNCC1,8,
CHEMBL5437030,Nc1ccc2[nH]nc(C3=CCCNC3)c2c1,5.54,
CHEMBL5184791,COc1cc(CCNCc2ccccc2O)c(OC)cc1C#N,8.72,
CHEMBL4515411,COc1ccc(F)cc1C1(F)CC1CN.Cl,6.45,
CHEMBL5201317,COc1cc(CCNCc2ccccc2F)c(OC)cc1C#N,5.95,
CHEMBL5201317,COc1cc(CCNCc2ccccc2F)c(OC)cc1C#N,6.18,
CHEMBL3589598,COc1cc(CCNCc2cccc(O)c2)c(OC)cc1Br,6.81,
CHEMBL5173321,COc1cc(CCNC2COc3ccccc32)c(OC)cc1C#N,5.78,
CHEMBL5169776,Cl.Oc1ccc2[nH]c3c(c2c1)CCNC3c1ccccc1,5.6,
CHEMBL5172342,CCC1NCCc2c1[nH]c1ccc(O)cc21.Cl,6.71,
CHEMBL5176057,Cl.Fc1ccc2[nH]c3c(c2c1)CCNC3c1ccccc1F,6.52,
CHEMBL5208635,Cl.Clc1ccc2[nH]c3c(c2c1)CCNC3c1ccncc1Cl,6.07,
CHEMBL5180401,Cl.Fc1ccc2[nH]c3c(c2c1)CCNC3C1CCCCC1,7.04,
CHEMBL5192627,COc1ccc(C2NCCc3c2[nH]c2ccc(F)cc32)c(OC)c1.Cl,6.78,
CHEMBL5185474,Cl.Oc1cc(Br)ccc1C1NCCc2c1[nH]c1ccc(F)cc21,6.83,
CHEMBL5201903,Cl.Oc1cc(Cl)ccc1C1NCCc2c1[nH]c1ccc(Cl)cc21,7.29,
CHEMBL5185474,Cl.Oc1cc(Br)ccc1C1NCCc2c1[nH]c1ccc(F)cc21,6.83,
CHEMBL3769421,Cl.NCC1CC1c1cc(Cl)c(F)cc1OCCF,6.18,
CHEMBL3769543,COc1cc(Cl)c(Cl)cc1C1CC1CN.Cl,7.08,
CHEMBL360328,C[C@H]1CNCCc2ccc(Cl)cc21,6.78,
CHEMBL3589596,COc1cc(CCNCc2cccc(OC)c2O)c(OC)cc1Br,7.47,
CHEMBL39,NCCc1c[nH]c2ccc(O)cc12,8.88,
CHEMBL5424784,CN1CCC=C(c2n[nH]c3c(Cl)cc(F)cc23)C1,7.89,
CHEMBL5401711,CN1CCC=C(c2n[nH]c3cc(F)ccc23)C1,6.33,
CHEMBL5188817,Cl.Oc1ccc2[nH]c3c(c2c1)CCNC3c1cc(Br)ccc1O,6.34,
CHEMBL5432040,Oc1cc2c3c(c1Cl)-c1ccccc1CC3NCC2,6.22,
CHEMBL3895972,CC1(C)Cc2cccc(Cl)c2N2CCNCC21,,
CHEMBL5191733,Cl.Fc1ccc2[nH]c3c(c2c1)CCNC3c1ccccc1Cl,6.56,
CHEMBL5177208,Cl.Oc1cccc(C2NCCc3c2[nH]c2ccc(F)cc32)c1,6.68,
CHEMBL5177208,Cl.Oc1cccc(C2NCCc3c2[nH]c2ccc(F)cc32)c1,6.68,
CHEMBL3769543,COc1cc(Cl)c(Cl)cc1C1CC1CN.Cl,7.68,
CHEMBL4739937,COc1ccc2occc2c1[C@@H]1C[C@H]1CN.Cl,6.96,
CHEMBL3770753,COc1cc(F)c(F)cc1C1CC1CN.Cl,6.29,
CHEMBL3769499,C=CCOc1ccc(F)c(F)c1C1CC1CN.Cl,,Not Active
CHEMBL3770058,Cl.NCC1CC1c1c(OCCF)ccc(Cl)c1F,,Not Active
CHEMBL350221,N[C@@H](Cc1c[nH]c2ccc(O)cc12)C(=O)O,8.87,
CHEMBL2094028,Cl.NC[C@H]1C[C@]1(F)c1ccccc1,8,
CHEMBL3311308,COc1ccc(S(=O)(=O)Nc2c(C)cc(C)cc2C)cc1,,
CHEMBL3769828,Cl.NCC1CC1c1cc(F)c(F)cc1OCCF,,Not Active
CHEMBL3769704,C=CCOc1ccc(F)c(Cl)c1C1CC1CN.Cl,,Not Active
CHEMBL3770753,COc1cc(F)c(F)cc1C1CC1CN.Cl,6.29,
CHEMBL5179053,Cl.Cn1ccnc1C1NCCc2c1[nH]c1ccc(O)cc21,7.1,
CHEMBL5177927,CCCC1NCCc2c1[nH]c1ccc(Cl)cc21.Cl,6.19,
CHEMBL5194467,Cl.Oc1ccc2[nH]c3c(c2c1)CCNC3c1cc(Cl)ccc1O,5.8,
CHEMBL4802921,Cc1cccc(C2NCCc3c2[nH]c2ccc(Cl)cc32)c1,6.32,
CHEMBL5181253,Cl.Fc1ccc2[nH]c3c(c2c1)CCNC3c1cccs1,6.39,
CHEMBL5170784,COc1ccc(C2NCCc3c2[nH]c2ccc(Cl)cc32)c(O)c1,8.08,
CHEMBL263881,CCN(CC)C(=O)[C@@H]1C=C2c3cccc4[nH]cc(c34)C[C@H]2N(C)C1,7.8,
CHEMBL5403370,Fc1ccc2c(C3=CCCNC3)n[nH]c2c1,7.94,
CHEMBL39,NCCc1c[nH]c2ccc(O)cc12,7.16,
CHEMBL494947,Clc1cccc(COc2cncc(N3CCNCC3)n2)c1,6.86,
CHEMBL30713,CC(N)Cc1c[nH]c2ccccc12,7.72,
CHEMBL5183493,Cl.Oc1ccc2[nH]c3c(c2c1)CCNC3c1ccccc1C(F)(F)F,6.92,
CHEMBL5200288,Cc1ccc(C2NCCc3c2[nH]c2ccc(O)cc32)cc1.Cl,6.51,
CHEMBL4783435,Cl.Clc1ccc2[nH]c3c(c2c1)CCNC3Cc1ccccc1,5.58,
CHEMBL5184885,Cl.Fc1ccc2[nH]c3c(c2c1)CCNC3c1ccccc1Br,7.01,
CHEMBL5194324,Cl.Fc1ncccc1C1NCCc2c1[nH]c1ccc(Cl)cc21,6.46,
CHEMBL5180800,Fc1ccc2[nH]c3c(c2c1)CCNC3c1ccccc1,7.05,
CHEMBL12420,CN(C)CCc1c[nH]c2ccccc12,7.65,
CHEMBL5207633,Cc1ccc(C2NCCc3c2[nH]c2ccc(F)cc32)cc1.Cl,6.68,
CHEMBL5186877,Clc1ccc2[nH]c3c(c2c1)CCNC3c1cccs1,6.14,
CHEMBL5208864,COc1ccc(C2NCCc3c2[nH]c2ccc(Cl)cc32)cc1OC.Cl,7.09,
CHEMBL5177900,Oc1ccc2[nH]c3c(c2c1)CCNC3c1ccccc1F,7.63,
CHEMBL5178487,Cl.Oc1ccc2[nH]c3c(c2c1)CCNC3c1ccc(Br)cc1O,6.44,
CHEMBL5199923,Cl.Fc1ccc2[nH]c3c(c2c1)CCNC3c1cncnc1,7.26,
CHEMBL5170024,Cl.Clc1ccc2[nH]c3c(c2c1)CCNC3c1cc2ccccc2s1,6.82,
CHEMBL5187275,Cl.Clc1ccc2[nH]c3c(c2c1)CCNC3C(c1ccccc1)c1ccccc1,5.87,
CHEMBL5205429,Cl.Oc1c(Cl)cccc1C1NCCc2c1[nH]c1ccc(F)cc21,6.56,
CHEMBL5186011,Cc1ccc(C2NCCc3c2[nH]c2ccc(F)cc32)c(C)c1.Cl,6.44,
CHEMBL12420,CN(C)CCc1c[nH]c2ccccc12,7.65,
CHEMBL5430057,COc1ccc2c(c1)O[C@]1(CC2=O)CN2CCC1CC2,,
CHEMBL4758641,Cl.NC[C@H]1C[C@@H]1c1c(OCC2CC2)ccc2c1CCO2,6.12,
CHEMBL3769633,C=CCOc1ccc(Cl)c(F)c1C1CC1CN.Cl,5.97,
CHEMBL3770225,COc1ccc(F)c(Cl)c1C1CC1CN.Cl,6.11,
CHEMBL5194467,Cl.Oc1ccc2[nH]c3c(c2c1)CCNC3c1cc(Cl)ccc1O,5.8,
CHEMBL5187275,Cl.Clc1ccc2[nH]c3c(c2c1)CCNC3C(c1ccccc1)c1ccccc1,5.87,
CHEMBL5188386,Cl.Clc1ccc2[nH]c3c(c2c1)CCNC3c1ccc(Br)s1,6.04,
CHEMBL5183068,Cl.Clc1ccc2[nH]c3c(c2c1)CCNC3C1CCOCC1,6.43,
CHEMBL178365,C[C@@H]1CNCCc2ccc(Cl)cc21,6.6,
CHEMBL253811,C[C@H](N)Cc1cccc(C(F)(F)F)c1,6.7,
CHEMBL360328,C[C@H]1CNCCc2ccc(Cl)cc21,6.8,
CHEMBL7257,COc1ccc2[nH]cc(CCN(C)C)c2c1,8.75,
CHEMBL181787,COc1cc2c(cc1Cl)C(C)CNCC2,7.1,
CHEMBL181324,COc1ccc2c(c1)CCNCC2C,,
CHEMBL590078,Cc1cccc2c1C(=O)NC1CNCCN21,,Not Determined
CHEMBL5406172,C1=C(c2n[nH]c3ccccc23)CNCC1,6.49,
CHEMBL5434434,COc1ccc2[nH]nc(C3=CCCNC3)c2c1,6.27,
CHEMBL5394878,Cc1cc2nc3c(nc2cc1C)[C@@H]1CCC(C3)N1.Cl,6.4,
CHEMBL2396668,C[C@@H]1CN2C(=O)c3ccccc3C[C@@H]2CN1,,
CHEMBL2331803,C[C@H](N)Cn1ccc2cc(F)c(Cl)cc21.O=C(O)/C=C/C(=O)O,7.57,
CHEMBL471839,CC(N)Cc1ccc2ccccc2c1,6.33,
CHEMBL2331803,C[C@H](N)Cn1ccc2cc(F)c(Cl)cc21.O=C(O)/C=C/C(=O)O,7.57,
CHEMBL5184791,COc1cc(CCNCc2ccccc2O)c(OC)cc1C#N,7.42,
CHEMBL4758641,Cl.NC[C@H]1C[C@@H]1c1c(OCC2CC2)ccc2c1CCO2,6.12,
CHEMBL4790652,CCOc1ccc2c(c1[C@H]1C[C@@H]1CN)CCO2.Cl,6.95,
CHEMBL4752412,CCCOc1ccc2c(c1[C@H]1C[C@@H]1CN)CCO2.Cl,6.13,
CHEMBL5188736,Cl.Oc1ccc(C2NCCc3c2[nH]c2ccc(O)cc32)cc1,6.8,
CHEMBL5178487,Cl.Oc1ccc2[nH]c3c(c2c1)CCNC3c1ccc(Br)cc1O,6.44,
CHEMBL5178562,COc1ccc2cc(C3NCCc4c3[nH]c3ccc(Cl)cc43)ccc2c1.Cl,5.88,
CHEMBL5189339,Cl.Oc1c(Br)cccc1C1NCCc2c1[nH]c1ccc(F)cc21,6.94,
CHEMBL5193914,Cl.Oc1ccc2[nH]c3c(c2c1)CCNC3c1cccs1,6.46,
CHEMBL478,Clc1cccc(N2CCNCC2)c1,6.6,
CHEMBL5092058,Cc1cn([C@H](C)CC#N)c(=O)c2cc(Cn3nc(C(F)F)cc3Cl)nn12,,
CHEMBL360328,C[C@H]1CNCCc2ccc(Cl)cc21,6.52,
CHEMBL39,NCCc1c[nH]c2ccc(O)cc12,7.33,
CHEMBL590531,Cc1ccc2c(c1)N1CCNCCC1NC2=O,,
CHEMBL5416604,Clc1ccc2[nH]nc(C3=CCCNC3)c2c1,8.47,
CHEMBL5424784,CN1CCC=C(c2n[nH]c3c(Cl)cc(F)cc23)C1,6.78,
CHEMBL5201903,Cl.Oc1cc(Cl)ccc1C1NCCc2c1[nH]c1ccc(Cl)cc21,7.28,
CHEMBL5201470,Cl.Oc1ccc(O)c(C2NCCc3c2[nH]c2ccc(F)cc32)c1,7.14,
CHEMBL5176473,Cl.Oc1cccc(C2NCCc3c2[nH]c2ccc(O)cc32)c1,6.65,
CHEMBL6616,COc1cc(CC(C)N)c(OC)cc1I,8.2,
CHEMBL202458,C[C@@H](Cn1ccc2ccc3ncccc3c21)NCc1ccc2c(c1)OCO2,6.45,
CHEMBL202616,C[C@@H](Cn1ccc2ccc3ncccc3c21)NCc1ccc2ccccc2c1,6.65,
CHEMBL360328,C[C@H]1CNCCc2ccc(Cl)cc21,7.48,
CHEMBL478,Clc1cccc(N2CCNCC2)c1,6.54,
CHEMBL5418595,Cc1ccnc2[nH]cc(C3=CCCN(C)C3)c12,6.98,
CHEMBL5440436,Fc1ccc(Cl)c2[nH]nc(C3=CCCNC3)c12,7.76,
CHEMBL5437921,CN1CCC=C(c2n[nH]c3c(Cl)ccc(F)c23)C1,7.03,
CHEMBL5188386,Cl.Clc1ccc2[nH]c3c(c2c1)CCNC3c1ccc(Br)s1,6.04,
CHEMBL5170024,Cl.Clc1ccc2[nH]c3c(c2c1)CCNC3c1cc2ccccc2s1,6.82,
CHEMBL5177484,Cl.Oc1ccc(Br)cc1C1NCCc2c1[nH]c1ccc(F)cc21,5.95,
CHEMBL5181991,Cc1cccc(C2NCCc3c2[nH]c2ccc(O)cc32)c1.Cl,6.61,
CHEMBL5204651,Fc1ccccc1C1NCCc2c1[nH]c1ccc(Cl)cc21,5.1,
CHEMBL5194223,Cl.Oc1c(Br)cccc1C1NCCc2c1[nH]c1ccc(Cl)cc21,7.13,
CHEMBL5398022,CC1=N[C@H](C(=O)O)Cc2c[nH]c3c(O)ccc1c23,,
CHEMBL5398022,CC1=N[C@H](C(=O)O)Cc2c[nH]c3c(O)ccc1c23,7.59,
CHEMBL493,CC(C)C[C@H]1C(=O)N2CCC[C@H]2[C@]2(O)O[C@](NC(=O)[C@@H]3C=C4c5cccc6[nH]c(Br)c(c56)C[C@H]4N(C)C3)(C(C)C)C(=O)N12,8.75,
CHEMBL7257,COc1ccc2[nH]cc(CCN(C)C)c2c1,8.73,
CHEMBL5422659,c1ccc2c(C3CCCNC3)n[nH]c2c1,,
CHEMBL5394562,Cn1nc2ccccc2c1C1=CCCNC1,,
CHEMBL5401685,C1=C(c2n[nH]c3ccc(-c4ccccc4)cc23)CNCC1,,
CHEMBL263881,CCN(CC)C(=O)[C@@H]1C=C2c3cccc4[nH]cc(c34)C[C@H]2N(C)C1,7.8,
CHEMBL181672,CC1CNCCc2cc(Cl)ccc21,6.82,
CHEMBL309760,C[C@H](N)CN1CCc2ccc(Br)cc21,6.14,
CHEMBL39,NCCc1c[nH]c2ccc(O)cc12,6.9,
CHEMBL301265,CCCN[C@H]1CCc2nc(N)sc2C1,5.93,
CHEMBL360328,C[C@H]1CNCCc2ccc(Cl)cc21,7.49,
CHEMBL3770174,C=CCOc1cc(F)c(Cl)cc1C1CC1CN.Cl,,Not Active
CHEMBL3959570,c1csc(Cc2cccc3c2CCC2CNCCN32)c1,7.1,
CHEMBL202324,C=CCN[C@@H](C)Cn1ccc2ccc3ncccc3c21,6.11,
CHEMBL3974905,C[C@H](N)CC#Cc1ccccc1,5.3,
CHEMBL380763,C[C@@H](Cn1ccc2ccc3ncccc3c21)NCc1ccccc1,,
CHEMBL5406172,C1=C(c2n[nH]c3ccccc23)CNCC1,6.49,
CHEMBL5439312,[2H]C([2H])(Cc1n[nH]c2ccc(OC)cc12)N(C)C,5.49,
CHEMBL478,Clc1cccc(N2CCNCC2)c1,7.12,
CHEMBL5208046,COc1cc(CCNC2COc3ccccc32)c(OC)cc1Br,7.63,
CHEMBL3589597,COc1cccc(CNCCc2cc(OC)c(Br)cc2OC)c1,7.35,
CHEMBL178124,CC1CNCCc2ccc(C(F)(F)F)cc21,7,
CHEMBL5201492,Oc1ccc2[nH]c3c(c2c1)CCNC3c1cncnc1,6.1,
CHEMBL5183068,Cl.Clc1ccc2[nH]c3c(c2c1)CCNC3C1CCOCC1,6.43,
CHEMBL5185430,Cl.Oc1c(Cl)cccc1C1NCCc2c1[nH]c1ccc(Cl)cc21,6.47,
CHEMBL4871007,CCCN(CC)CCc1c[nH]c2ccccc12,7.52,
CHEMBL4873240,CCN(C)CCc1c[nH]c2ccc(F)cc12.Cl,7.69,
CHEMBL5399968,C[C@@H]1C=C(c2c[nH]c3ncccc23)CNC1,7.38,
CHEMBL535832,Cl.NCCc1c[nH]c2ccc(O)cc12,9.46,
CHEMBL6640,NCCc1c[nH]c2ccccc12,8.13,
CHEMBL5405349,COc1cccc2[nH]cc(C3=CCCN(C)C3)c12,8.52,
CHEMBL5415797,CC(C)c1ccc2[nH]cc(C3=CCCNC3)c2c1,6.13,
CHEMBL2397879,N#Cc1ccc2c(c1)C(=O)N1CCNC[C@H]1C2,,
CHEMBL2397893,O=C1c2c(Cl)cccc2C[C@@H]2CNCCN12,6.42,
CHEMBL51,O=C(c1ccc(F)cc1)C1CCN(CCn2c(=O)[nH]c3ccccc3c2=O)CC1,8.98,
CHEMBL5184791,COc1cc(CCNCc2ccccc2O)c(OC)cc1C#N,8.07,
CHEMBL39,NCCc1c[nH]c2ccc(O)cc12,9.56,
CHEMBL39,NCCc1c[nH]c2ccc(O)cc12,7.96,
CHEMBL3769828,Cl.NCC1CC1c1cc(F)c(F)cc1OCCF,6.44,
CHEMBL3770950,Cl.NCC1CC1c1cc(Cl)c(Cl)cc1OCCF,,Not Active
CHEMBL350221,N[C@@H](Cc1c[nH]c2ccc(O)cc12)C(=O)O,8.72,
CHEMBL39,NCCc1c[nH]c2ccc(O)cc12,9.57,
CHEMBL5197871,Cl.Oc1ccc2[nH]c3c(c2c1)CCNC3c1ccccc1Cl,5.85,
CHEMBL5194324,Cl.Fc1ncccc1C1NCCc2c1[nH]c1ccc(Cl)cc21,6.46,
CHEMBL5194866,Cl.Clc1ccc2[nH]c3c(c2c1)CCNC3CCc1ccccc1,7.19,
CHEMBL4796472,CCCOc1ccc2oc(CC)cc2c1[C@H]1C[C@@H]1CN.Cl,,Not Active
CHEMBL5183437,COc1ccccc1C1NCCc2c1[nH]c1ccc(F)cc21.Cl,6.9,
CHEMBL5199923,Cl.Fc1ccc2[nH]c3c(c2c1)CCNC3c1cncnc1,7.26,
CHEMBL5199780,Cc1cc(C2NCCc3c2[nH]c2ccc(Cl)cc32)sc1Br.Cl,6.11,
CHEMBL5177927,CCCC1NCCc2c1[nH]c1ccc(Cl)cc21.Cl,6.19,
CHEMBL181172,CC1CNCCc2ccc(Cl)cc21,6.58,
CHEMBL76781,C[C@H](N)Cn1ccc2cc(F)c(Cl)cc21,6.88,
CHEMBL5403370,Fc1ccc2c(C3=CCCNC3)n[nH]c2c1,6.94,
CHEMBL39,NCCc1c[nH]c2ccc(O)cc12,7.92,
CHEMBL39,NCCc1c[nH]c2ccc(O)cc12,8.82,
CHEMBL39,NCCc1c[nH]c2ccc(O)cc12,8.63,
CHEMBL301466,O=C1Nc2cc(Cl)c(Cl)cc2N2CCNCC12,7.93,
CHEMBL5429912,CN(C)CCc1n[nH]c2ccc(Cl)cc12,,
CHEMBL301466,O=C1Nc2cc(Cl)c(Cl)cc2N2CCNCC12,7.92,
CHEMBL5422786,C1=C(c2c[nH]c3cccc(-c4ccccc4)c23)CNCC1,6.06,
CHEMBL201454,C[C@H](N)Cn1ccc2cc(Cl)c3ncccc3c21,7.44,
CHEMBL3769454,COc1ccc(Cl)c(Cl)c1C1CC1CN.Cl,7.75,
CHEMBL5270670,COc1cc(C[C@H]2CCC[C@H](c3ccccc3O)N2)c(OC)cc1C#N,6.03,
CHEMBL4642094,Cc1ccc2c3c1CCN3CCNC2,,
CHEMBL4632419,CC1CN2CCNCc3cccc1c32,,
CHEMBL39,NCCc1c[nH]c2ccc(O)cc12,8.59,
CHEMBL4638807,Clc1ccc2c3c1CCCN3CCNC2,,
CHEMBL5410020,COc1ccnc2[nH]cc(C3=CCCN(C)C3)c12,7.14,
CHEMBL5416033,Cc1cccc2[nH]cc(C3=CCCNC3)c12,6.83,
CHEMBL39,NCCc1c[nH]c2ccc(O)cc12,7.8,
CHEMBL39,NCCc1c[nH]c2ccc(O)cc12,7.92,
CHEMBL5198213,COc1ccc(C2NCCc3c2[nH]c2ccc(O)cc32)c(O)c1,9.3,
CHEMBL5188817,Cl.Oc1ccc2[nH]c3c(c2c1)CCNC3c1cc(Br)ccc1O,6.34,
CHEMBL5193251,Cl.Oc1ccc2[nH]c3c(c2c1)CCNC3CCc1ccccc1,6.86,
CHEMBL5207179,Cl.Oc1ccc2[nH]c3c(c2c1)CCNC3Cc1ccccc1,6.54,
CHEMBL5204651,Fc1ccccc1C1NCCc2c1[nH]c1ccc(Cl)cc21,5.1,
CHEMBL4795286,Cl.Oc1cccc(C2NCCc3c2[nH]c2ccc(Cl)cc32)c1,5.48,
CHEMBL5410020,COc1ccnc2[nH]cc(C3=CCCN(C)C3)c12,7.13,
CHEMBL5422786,C1=C(c2c[nH]c3cccc(-c4ccccc4)c23)CNCC1,6.45,
CHEMBL5433583,CN1CCC=C(c2c[nH]c3c(Cl)c(F)ccc23)C1,7.18,
CHEMBL5416033,Cc1cccc2[nH]cc(C3=CCCNC3)c12,7.66,
CHEMBL5201317,COc1cc(CCNCc2ccccc2F)c(OC)cc1C#N,7.27,
CHEMBL5189232,COc1cc(CCNCc2cccc3c2OCO3)c(OC)cc1C#N,7.77,
CHEMBL263881,CCN(CC)C(=O)[C@@H]1C=C2c3cccc4[nH]cc(c34)C[C@H]2N(C)C1,7.88,
CHEMBL5437030,Nc1ccc2[nH]nc(C3=CCCNC3)c2c1,5.54,
CHEMBL5195443,COc1ccc(OC)c(C2NCCc3c2[nH]c2ccc(Cl)cc32)c1.Cl,5.74,
CHEMBL5183950,COc1ccc(C2NCCc3c2[nH]c2ccc(F)cc32)cc1OC.Cl,6.6,
CHEMBL3769421,Cl.NCC1CC1c1cc(Cl)c(F)cc1OCCF,6.19,
CHEMBL2391541,C=CCN(CC=C)CCc1c[nH]c2ccc(OC)cc12,8.55,
CHEMBL5191954,Cl.Fc1ccc2[nH]c3c(c2c1)CCNC3c1nccs1,,NA
CHEMBL39,NCCc1c[nH]c2ccc(O)cc12,9.64,
CHEMBL4647417,FC(F)(F)c1ccc2c3c1CCN3CCNC2,,
CHEMBL4645736,c1ccc(Cc2ccc3c4c2CCN4CCNC3)cc1,,
CHEMBL5428466,Clc1ccc2[nH]cc(C3=CCCNC3)c2c1,7.11,
CHEMBL5424175,Brc1ccc2[nH]nc(C3=CCCNC3)c2c1,6.72,
CHEMBL39,NCCc1c[nH]c2ccc(O)cc12,8.8,
CHEMBL5208129,Cl.Oc1ccc(Cl)cc1C1NCCc2c1[nH]c1ccc(Cl)cc21,,
CHEMBL5198376,COc1ccc(OC)c(C2NCCc3c2[nH]c2ccc(F)cc32)c1.Cl,,
CHEMBL4206126,FC(F)(F)CCc1ccnc2c1CC[C@@H]1CNCCN21,6.01,
CHEMBL5181272,[2H]C([2H])([2H])N1CCC[C@H]1Cc1c[nH]c2cccc(OCc3ccccc3)c12,,
CHEMBL337825,COc1ccc2c(CCN)c[nH]c2c1,5.61,
CHEMBL39,NCCc1c[nH]c2ccc(O)cc12,8.63,
CHEMBL39,NCCc1c[nH]c2ccc(O)cc12,9.29,
CHEMBL3769968,C=CCOc1cc(F)c(F)cc1C1CC1CN.Cl,6.08,
CHEMBL3770963,COc1ccc(F)c(F)c1C1CC1CN.Cl,6.36,
CHEMBL3770689,COc1cc(F)c(Cl)cc1C1CC1CN.Cl,7.09,
CHEMBL39,NCCc1c[nH]c2ccc(O)cc12,9.29,
CHEMBL5184787,Cl.Oc1ccc(O)c(C2NCCc3c2[nH]c2ccc(Cl)cc32)c1,,NA
CHEMBL5173321,COc1cc(CCNC2COc3ccccc32)c(OC)cc1C#N,6.2,
CHEMBL5176147,COc1cc(CCNC2CCOc3ccccc32)c(OC)cc1Br,6.88,
CHEMBL4537637,CNC[C@H]1C[C@]1(F)c1ccccc1.Cl,6.81,
CHEMBL275854,CC(N)Cc1c[nH]c2ccc(O)cc12,8.7,
CHEMBL4648350,CNCCc1c[nH]c2cccc(O)c12,8.08,
CHEMBL4633193,CC1Cc2cccc3c2N1CCNC3,,
CHEMBL4638879,Cc1ccc2c3c1C(C)(C)CN3CCNC2,6.19,
CHEMBL3769581,C=CCOc1ccc(Cl)c(Cl)c1C1CC1CN.Cl,6.37,
CHEMBL4218374,CCCc1cncc2c1CC[C@@H]1CNCCN21,,Not Determined
CHEMBL39,NCCc1c[nH]c2ccc(O)cc12,6.18,
CHEMBL5186192,[2H]C1([2H])CC(c2c[nH]c3cccc(OCc4ccccc4)c23)C([2H])([2H])N1C,,
CHEMBL535832,Cl.NCCc1c[nH]c2ccc(O)cc12,9.46,
CHEMBL5170784,COc1ccc(C2NCCc3c2[nH]c2ccc(Cl)cc32)c(O)c1,8.08,
CHEMBL5177718,Cc1ccc(O)c(C2NCCc3c2[nH]c2ccc(F)cc32)c1.Cl,5.91,
CHEMBL5182943,COc1cc(OC)c(C2NCCc3c2[nH]c2ccc(F)cc32)cc1OC.Cl,7.41,
CHEMBL5201492,Oc1ccc2[nH]c3c(c2c1)CCNC3c1cncnc1,6.09,
CHEMBL5180401,Cl.Fc1ccc2[nH]c3c(c2c1)CCNC3C1CCCCC1,7.04,
CHEMBL5177386,CCC1NCCc2c1[nH]c1ccc(F)cc21.Cl,6.22,
CHEMBL5189339,Cl.Oc1c(Br)cccc1C1NCCc2c1[nH]c1ccc(F)cc21,6.94,
CHEMBL5196522,Cl.Oc1cc(Cl)ccc1C1NCCc2c1[nH]c1ccc(F)cc21,6.64,
CHEMBL5179287,Cc1ccc(C2NCCc3c2[nH]c2ccc(Cl)cc32)c(C)c1.Cl,6.25,
CHEMBL5207023,Cl.Oc1ccc(Br)cc1C1NCCc2c1[nH]c1ccc(Cl)cc21,6.09,
CHEMBL5177484,Cl.Oc1ccc(Br)cc1C1NCCc2c1[nH]c1ccc(F)cc21,5.95,
CHEMBL5184791,COc1cc(CCNCc2ccccc2O)c(OC)cc1C#N,8.56,
CHEMBL4635134,CNC(=O)c1cc(C(=O)NC2CC2)cn(Cc2ccccc2)c1=O,,
CHEMBL3769454,COc1ccc(Cl)c(Cl)c1C1CC1CN.Cl,6.82,
CHEMBL4213379,c1ccc(Cc2ccnc3c2CC[C@@H]2CNCCN32)cc1,7.27,
CHEMBL39,NCCc1c[nH]c2ccc(O)cc12,7.96,
CHEMBL478,Clc1cccc(N2CCNCC2)c1,7.12,
CHEMBL2391541,C=CCN(CC=C)CCc1c[nH]c2ccc(OC)cc12,7.56,
CHEMBL30713,CC(N)Cc1c[nH]c2ccccc12,7.72,
CHEMBL39,NCCc1c[nH]c2ccc(O)cc12,6.82,
CHEMBL39,NCCc1c[nH]c2ccc(O)cc12,8.96,
CHEMBL442,CN1C[C@H](C(=O)N[C@]2(C)O[C@@]3(O)[C@@H]4CCCN4C(=O)[C@H](Cc4ccccc4)N3C2=O)C=C2c3cccc4[nH]cc(c34)C[C@H]21,8.1,
CHEMBL39,NCCc1c[nH]c2ccc(O)cc12,8.53,
CHEMBL4636881,CC(=O)Nc1c(F)cc(C(=O)N[C@H]2CC[C@H](O)CC2)cc1O[C@@H](C)c1ccccc1,,
CHEMBL1770373,c1ccc(Cc2ncc3c(n2)CCNCC3)cc1,7.17,
CHEMBL39,NCCc1c[nH]c2ccc(O)cc12,9.2,
CHEMBL197664,CN(C)CCc1cn(C)c2cccc(O)c12,6.2,
CHEMBL4639128,COCc1nc2cnc3cc(-c4c(C)noc4C)c(OC[C@H]4CCNC4)cc3c2n1[C@H](C)c1ccccc1,,
CHEMBL350221,N[C@@H](Cc1c[nH]c2ccc(O)cc12)C(=O)O,6.89,
CHEMBL39,NCCc1c[nH]c2ccc(O)cc12,8.59,
CHEMBL5184791,COc1cc(CCNCc2ccccc2O)c(OC)cc1C#N,6.86,
CHEMBL39,NCCc1c[nH]c2ccc(O)cc12,7.55,
CHEMBL39,NCCc1c[nH]c2ccc(O)cc12,7.6,
CHEMBL39,NCCc1c[nH]c2ccc(O)cc12,5.78,
CHEMBL3769454,COc1ccc(Cl)c(Cl)c1C1CC1CN.Cl,6.69,
CHEMBL3770689,COc1cc(F)c(Cl)cc1C1CC1CN.Cl,7.09,
CHEMBL442,CN1C[C@H](C(=O)N[C@]2(C)O[C@@]3(O)[C@@H]4CCCN4C(=O)[C@H](Cc4ccccc4)N3C2=O)C=C2c3cccc4[nH]cc(c34)C[C@H]21,8.14,